index,fname,length_qb,year,last_mc,partition_entropy,inverse_coherence,variable_resonance,value_resonance,variable_resonance_entropy,value_resonance_entropy,variable_inertia,value_inertia
0,l000_etude,284,1915,73,0.130531953,-0.332186162,percentage_resonances_1,0.996925213,percentage_resonances_entropy_1,3.68E-05,moments_of_inertia_1,1.90E-08
1,l000_soirs,92,1917,23,0.15389629,-0.422059901,percentage_resonances_1,0.988764045,percentage_resonances_entropy_1,0,moments_of_inertia_1,0
2,l009_danse,184,1880,92,0.091874137,-0.426778867,percentage_resonances_1,0.994774404,percentage_resonances_entropy_1,8.24E-06,moments_of_inertia_1,0
3,l066-01_arabesques_premiere,426,1888,107,0.085411954,-0.430629098,percentage_resonances_1,0.997669467,percentage_resonances_entropy_1,8.07E-21,moments_of_inertia_1,6.25E-10
4,l066-02_arabesques_deuxieme,440,1891,110,0.083544512,-0.371912031,percentage_resonances_1,0.999649158,percentage_resonances_entropy_1,0.000165889,moments_of_inertia_1,1.25E-06
5,l067_mazurka,414,1890,138,0.103514731,-0.460649669,percentage_resonances_1,0.998329122,percentage_resonances_entropy_1,4.09E-05,moments_of_inertia_1,2.47E-08
6,l068_reverie,403,1890,101,0.088607773,-0.30317382,percentage_resonances_1,0.997617127,percentage_resonances_entropy_1,5.60E-06,moments_of_inertia_1,9.18E-10
7,l069_tarentelle,999,1890,333,0.102074287,-0.34418201,percentage_resonances_1,0.999121738,percentage_resonances_entropy_1,1.64E-07,moments_of_inertia_1,3.26E-10
8,l070_ballade,420,1890,105,0.125145968,-0.227159353,percentage_resonances_1,0.998095238,percentage_resonances_entropy_1,5.21E-05,moments_of_inertia_1,2.47E-08
9,l071_valse,453,1890,151,0.112476451,-0.401019614,percentage_resonances_1,0.998313676,percentage_resonances_entropy_1,9.01E-06,moments_of_inertia_1,1.02E-08
10,l075-01_suite_prelude,356,1897.5,89,0.067829486,-0.430037051,percentage_resonances_1,0.997391842,percentage_resonances_entropy_1,2.70E-20,moments_of_inertia_1,1.29E-10
11,l075-02_suite_menuet,312,1897.5,104,0.08949973,-0.290015853,percentage_resonances_1,0.997148803,percentage_resonances_entropy_1,2.21E-05,moments_of_inertia_1,2.88E-08
12,l075-03_suite_clair,324,1897.5,72,0.07421418,-0.519802147,percentage_resonances_1,0.996913699,percentage_resonances_entropy_1,2.42E-07,moments_of_inertia_1,1.79E-09
13,l075-04_suite_passepied,624,1897.5,156,0.074544191,-0.371611465,percentage_resonances_1,0.998555651,percentage_resonances_entropy_1,6.19E-07,moments_of_inertia_1,4.92E-10
14,l082_nocturne,355,1892,77,0.110881013,-0.350900226,percentage_resonances_1,0.997820894,percentage_resonances_entropy_1,2.80E-05,moments_of_inertia_1,1.19E-07
15,l087-01_images_lent,172,1894,57,0.117638182,-0.365664992,percentage_resonances_1,0.994929692,percentage_resonances_entropy_1,4.60E-05,moments_of_inertia_1,1.68E-08
16,l087-02_images_souvenir,216,1894,72,0.07313377,-0.450963052,percentage_resonances_1,0.995970508,percentage_resonances_entropy_1,1.54E-06,moments_of_inertia_1,1.39E-08
17,l087-03_images_quelques,677,1894,186,0.114913102,-0.273810732,percentage_resonances_1,1.007525162,percentage_resonances_entropy_1,0.001358199,moments_of_inertia_1,1.59E-05
18,l095-01_pour_prelude,536.12,1901,163,0.123770379,-0.293032799,percentage_resonances_1,1.032649141,percentage_resonances_entropy_1,0.00036246,moments_of_inertia_1,0.002474056
19,l095-02_pour_sarabande,216,1894,72,0.071691455,-0.446614783,percentage_resonances_1,0.995498971,percentage_resonances_entropy_1,1.61E-06,moments_of_inertia_1,6.51E-09
20,l095-03_pour_toccata,532,1901,266,0.140501027,-0.154090716,percentage_resonances_1,1.017317998,percentage_resonances_entropy_1,0.00132675,moments_of_inertia_1,0.000161147
21,l099_cahier,202,1903,55,0.122250455,-0.381715374,percentage_resonances_1,0.995371402,percentage_resonances_entropy_1,6.17E-20,moments_of_inertia_1,1.23E-09
22,l100-01_estampes_pagode,388,1903,98,0.060623478,-0.671310776,percentage_resonances_1,0.99742268,percentage_resonances_entropy_1,0,moments_of_inertia_1,0
23,l100-02_estampes_soiree,280,1903,136,0.098386121,-0.325597871,percentage_resonances_1,0.997803214,percentage_resonances_entropy_1,9.52E-06,moments_of_inertia_1,4.39E-07
24,l100-03_estampes_jardins,631,1903,157,0.112713101,-0.356619785,percentage_resonances_1,1.229542781,percentage_resonances_entropy_1,0.024879932,moments_of_inertia_1,0.017965633
25,l105_masques,1143,1904,381,0.112867794,-0.333313287,percentage_resonances_1,1.000060469,percentage_resonances_entropy_1,3.95E-05,moments_of_inertia_1,1.91E-07
26,l106_isle,458.25,1904,255,0.131279372,-0.247348526,percentage_resonances_1,0.998731908,percentage_resonances_entropy_1,6.45E-05,moments_of_inertia_1,4.45E-06
27,l108_morceau,54,1904,27,0.157808162,-0.428694517,percentage_resonances_1,1.006051976,percentage_resonances_entropy_1,0.004645427,moments_of_inertia_1,0.000224615
28,l110-01_images_reflets,189.5,1904,95,0.110919184,-0.383634021,percentage_resonances_1,0.995457064,percentage_resonances_entropy_1,8.33E-05,moments_of_inertia_1,6.14E-08
29,l110-02_images_hommage,452,1904,76,0.132685529,-0.290989742,percentage_resonances_1,0.998277077,percentage_resonances_entropy_1,3.32E-06,moments_of_inertia_1,3.18E-09
30,l110-03_images_mouvement,354,1905,177,0.122508697,-0.377679088,percentage_resonances_1,0.998130151,percentage_resonances_entropy_1,9.38E-05,moments_of_inertia_1,1.08E-06
31,l111-01_images_cloches,224,1907,50,0.126146196,-0.409322238,percentage_resonances_1,0.995854592,percentage_resonances_entropy_1,1.01E-05,moments_of_inertia_1,2.74E-08
32,l111-02_images_lune,228,1907,57,0.155686413,-0.301855483,percentage_resonances_1,0.996409789,percentage_resonances_entropy_1,1.26E-05,moments_of_inertia_1,6.04E-08
33,l111-03_images_poissons,306.5,1907,106,0.154820922,-0.214118353,percentage_resonances_1,0.998525183,percentage_resonances_entropy_1,0.000325938,moments_of_inertia_1,4.45E-07
34,l113-01_childrens_doctor,304,1907,76,0.137631921,-0.334617135,percentage_resonances_1,0.997273761,percentage_resonances_entropy_1,2.00E-05,moments_of_inertia_1,1.63E-06
35,l113-02_childrens_jimbos,324,1907,81,0.123306085,-0.352644967,percentage_resonances_1,0.999660329,percentage_resonances_entropy_1,0.000122904,moments_of_inertia_1,2.52E-06
36,l113-03_childrens_serenade,372,1908,124,0.125702928,-0.286182035,percentage_resonances_1,0.997913712,percentage_resonances_entropy_1,2.01E-05,moments_of_inertia_1,1.60E-09
37,l113-04_childrens_snow,292,1907,74,0.132694117,-0.366092006,percentage_resonances_1,1.002087634,percentage_resonances_entropy_1,0.001113284,moments_of_inertia_1,3.64E-05
38,l113-05_childrens_little,124,1907,31,0.139046112,-0.329166105,percentage_resonances_1,0.99817898,percentage_resonances_entropy_1,0.000749563,moments_of_inertia_1,5.89E-06
39,l113-06_childrens_golliwoggs,256,1907,128,0.079030744,-0.359728432,percentage_resonances_1,0.997185698,percentage_resonances_entropy_1,3.57E-05,moments_of_inertia_1,1.01E-08
40,l114_petit,174,1909,87,0.081282424,-0.366005341,percentage_resonances_1,0.99570617,percentage_resonances_entropy_1,0.000116557,moments_of_inertia_1,1.50E-06
41,l115_hommage,216,1909,118,0.099715918,-0.469081758,percentage_resonances_1,0.99747085,percentage_resonances_entropy_1,0.000240167,moments_of_inertia_1,3.25E-07
42,l117-01_preludes_danseuses,97,1909,31,0.106227562,-0.445656,percentage_resonances_1,0.989583333,percentage_resonances_entropy_1,0,moments_of_inertia_1,0
43,l117-02_preludes_voiles,128,1909,64,0.074875576,-0.808445594,percentage_resonances_1,0.992497985,percentage_resonances_entropy_1,5.46E-20,moments_of_inertia_1,0
44,l117-03_preludes_vent,236,1909,59,0.150632833,-0.296865351,percentage_resonances_1,1.045245619,percentage_resonances_entropy_1,0.007652858,moments_of_inertia_1,0.000174404
45,l117-04_preludes_sons,181.5,1910,53,0.140310993,-0.291511303,percentage_resonances_1,0.995954595,percentage_resonances_entropy_1,3.39E-05,moments_of_inertia_1,3.34E-08
46,l117-05_preludes_collines,256,1909,96,0.074929421,-0.586394687,percentage_resonances_1,0.996856689,percentage_resonances_entropy_1,3.35E-05,moments_of_inertia_1,2.50E-08
47,l117-06_preludes_pas,142,1909,36,0.113571343,-0.604289567,percentage_resonances_1,0.994544733,percentage_resonances_entropy_1,0.00017245,moments_of_inertia_1,1.78E-07
48,l117-07_preludes_ce,272,1909.5,77,0.096188154,-0.365103074,percentage_resonances_1,1.000216263,percentage_resonances_entropy_1,0.000985494,moments_of_inertia_1,1.88E-06
49,l117-08_preludes_fille,117,1910,39,0.117868462,-0.570816007,percentage_resonances_1,0.991606805,percentage_resonances_entropy_1,6.74E-05,moments_of_inertia_1,0
50,l117-09_preludes_serenade,209.5,1909.5,137,0.135017933,-0.328090496,percentage_resonances_1,0.99823722,percentage_resonances_entropy_1,0.000628017,moments_of_inertia_1,4.45E-07
51,l117-10_preludes_cathedrale,534,1909.5,89,0.130193197,-0.315984844,percentage_resonances_1,0.998631366,percentage_resonances_entropy_1,2.56E-05,moments_of_inertia_1,2.34E-08
52,l117-11_preludes_danse,199,1910,96,0.136104399,-0.32429085,percentage_resonances_1,1.013055226,percentage_resonances_entropy_1,0.004993943,moments_of_inertia_1,4.98E-05
53,l117-12_preludes_minstrels,178,1910,89,0.15972726,-0.27842977,percentage_resonances_1,1.002074755,percentage_resonances_entropy_1,0.000872437,moments_of_inertia_1,2.14E-05
54,l121_plus,444,1910,148,0.0778311,-0.299530214,percentage_resonances_1,0.998555129,percentage_resonances_entropy_1,0.000130154,moments_of_inertia_1,2.08E-08
55,l123-01_preludes_brouillards,105,1911,52,0.152230129,-0.448276787,percentage_resonances_1,0.991746032,percentage_resonances_entropy_1,7.13E-05,moments_of_inertia_1,0
56,l123-02_preludes_feuilles,127,1911,52,0.135928465,-0.426106694,percentage_resonances_1,0.993985988,percentage_resonances_entropy_1,0.000183652,moments_of_inertia_1,6.38E-06
57,l123-03_preludes_puerta,180,1911,90,0.087613514,-0.48753182,percentage_resonances_1,0.994850348,percentage_resonances_entropy_1,0.000107326,moments_of_inertia_1,1.94E-08
58,l123-04_preludes_fees,190.75,1911,127,0.119811283,-0.491059865,percentage_resonances_1,1.06432133,percentage_resonances_entropy_1,0.011023407,moments_of_inertia_1,0.001823727
59,l123-05_preludes_bruyeres,155,1911,51,0.079415914,-0.46747852,percentage_resonances_1,0.99364063,percentage_resonances_entropy_1,0,moments_of_inertia_1,3.85E-09
60,l123-06_preludes_general,218.5,1911,110,0.087856014,-0.402818392,percentage_resonances_1,0.996793306,percentage_resonances_entropy_1,0.000302966,moments_of_inertia_1,4.68E-08
61,l123-07_preludes_terrasse,134,1911,45,0.107629014,-0.35757226,percentage_resonances_1,0.993611849,percentage_resonances_entropy_1,9.67E-05,moments_of_inertia_1,1.33E-07
62,l123-08_preludes_ondine,225,1911,74,0.120927575,-0.626833462,percentage_resonances_1,0.997289541,percentage_resonances_entropy_1,0.000223693,moments_of_inertia_1,1.14E-07
63,l123-09_preludes_hommage,162,1911,54,0.076734893,-0.485598798,percentage_resonances_1,0.99565615,percentage_resonances_entropy_1,0.000199334,moments_of_inertia_1,5.58E-07
64,l123-10_preludes_canope,132,1911,33,0.1208452,-0.390881602,percentage_resonances_1,0.994231105,percentage_resonances_entropy_1,5.72E-05,moments_of_inertia_1,3.89E-08
65,l123-11_preludes_tierces,330,1911,165,0.123334802,-0.218062974,percentage_resonances_1,1.009266359,percentage_resonances_entropy_1,0.000844428,moments_of_inertia_1,5.33E-05
66,l123-12_preludes_feux,206.25,1911,100,0.187328882,-0.17829523,percentage_resonances_1,1.055147145,percentage_resonances_entropy_1,0.008680038,moments_of_inertia_1,0.000201707
67,l132_berceuse,272,1914,68,0.119462646,-0.303917564,percentage_resonances_1,0.998540225,percentage_resonances_entropy_1,8.64E-05,moments_of_inertia_1,4.29E-07
68,l133_page,114,1915,38,0.145438401,-0.428712524,percentage_resonances_1,0.992767005,percentage_resonances_entropy_1,8.78E-05,moments_of_inertia_1,1.76E-07
69,l136-01_etudes_cinq,317,1915,116,0.142508816,-0.243944047,percentage_resonances_1,1.000040058,percentage_resonances_entropy_1,0.000368511,moments_of_inertia_1,9.25E-07
70,l136-02_etudes_tierces,304,1915,80,0.098287233,-0.301315398,percentage_resonances_1,0.996991863,percentage_resonances_entropy_1,6.17E-05,moments_of_inertia_1,9.83E-09
71,l136-03_etudes_quartes,252,1915,85,0.101520974,-0.253183841,percentage_resonances_1,0.998656,percentage_resonances_entropy_1,0.000242257,moments_of_inertia_1,3.87E-05
72,l136-04_etudes_sixtes,179,1915,59,0.14537751,-0.265619238,percentage_resonances_1,0.994787928,percentage_resonances_entropy_1,9.03E-05,moments_of_inertia_1,5.11E-08
73,l136-05_etudes_octaves,181.5,1915,121,0.15858014,-0.170033744,percentage_resonances_1,0.996001343,percentage_resonances_entropy_1,0.000242233,moments_of_inertia_1,8.59E-08
74,l136-06_etudes_huit,146,1915,69,0.157703257,-0.177980171,percentage_resonances_1,1.141498216,percentage_resonances_entropy_1,0.007733172,moments_of_inertia_1,0.002205638
75,l136-07_etudes_degres,176,1915,88,0.151199369,-0.227299522,percentage_resonances_1,1.006171429,percentage_resonances_entropy_1,0.002489653,moments_of_inertia_1,7.18E-06
76,l136-08_etudes_agrements,151,1915,62,0.157621676,-0.186436144,percentage_resonances_1,0.994549795,percentage_resonances_entropy_1,0.00021434,moments_of_inertia_1,1.23E-07
77,l136-09_etudes_notes,336,1915,85,0.160727621,-0.170045402,percentage_resonances_1,1.003724445,percentage_resonances_entropy_1,0.000445083,moments_of_inertia_1,5.08E-06
78,l136-10_etudes_sonorites,277.5,1915,75,0.14688541,-0.26794584,percentage_resonances_1,0.999068371,percentage_resonances_entropy_1,0.000197409,moments_of_inertia_1,2.48E-05
79,l136-11_etudes_arpeges,201,1915,67,0.077301531,-0.391397701,percentage_resonances_1,0.996085957,percentage_resonances_entropy_1,0.000125282,moments_of_inertia_1,9.38E-08
80,l136-12_etudes_accords,308,1915,182,0.130134427,-0.289838563,percentage_resonances_1,1.030270878,percentage_resonances_entropy_1,0.002966512,moments_of_inertia_1,0.000429156
81,l138_elegie,83,1915,21,0.13497376,-0.392373282,percentage_resonances_1,0.988532443,percentage_resonances_entropy_1,0.000111955,moments_of_inertia_1,0
82,l000_etude,284,1915,73,0.130531953,-0.332186162,percentage_resonances_2,0.002033327,percentage_resonances_entropy_2,0.000337188,moments_of_inertia_2,3.44E-06
83,l000_soirs,92,1917,23,0.15389629,-0.422059901,percentage_resonances_2,0.007322308,percentage_resonances_entropy_2,0.002271734,moments_of_inertia_2,7.95E-06
84,l009_danse,184,1880,92,0.091874137,-0.426778867,percentage_resonances_2,0.001552749,percentage_resonances_entropy_2,0.000327548,moments_of_inertia_2,8.06E-07
85,l066-01_arabesques_premiere,426,1888,107,0.085411954,-0.430629098,percentage_resonances_2,0.000391217,percentage_resonances_entropy_2,4.31E-05,moments_of_inertia_2,3.82E-09
86,l066-02_arabesques_deuxieme,440,1891,110,0.083544512,-0.371912031,percentage_resonances_2,0.000481754,percentage_resonances_entropy_2,5.84E-05,moments_of_inertia_2,4.57E-08
87,l067_mazurka,414,1890,138,0.103514731,-0.460649669,percentage_resonances_2,0.000984939,percentage_resonances_entropy_2,7.09E-05,moments_of_inertia_2,3.32E-08
88,l068_reverie,403,1890,101,0.088607773,-0.30317382,percentage_resonances_2,0.001810245,percentage_resonances_entropy_2,0.000195855,moments_of_inertia_2,7.33E-07
89,l069_tarentelle,999,1890,333,0.102074287,-0.34418201,percentage_resonances_2,0.000468809,percentage_resonances_entropy_2,4.10E-05,moments_of_inertia_2,8.11E-09
90,l070_ballade,420,1890,105,0.125145968,-0.227159353,percentage_resonances_2,0.032664399,percentage_resonances_entropy_2,0.007478022,moments_of_inertia_2,0.000654915
91,l071_valse,453,1890,151,0.112476451,-0.401019614,percentage_resonances_2,0.005339207,percentage_resonances_entropy_2,0.000425994,moments_of_inertia_2,1.33E-05
92,l075-01_suite_prelude,356,1897.5,89,0.067829486,-0.430037051,percentage_resonances_2,0.001091414,percentage_resonances_entropy_2,0.000202186,moments_of_inertia_2,2.47E-06
93,l075-02_suite_menuet,312,1897.5,104,0.08949973,-0.290015853,percentage_resonances_2,0.012382934,percentage_resonances_entropy_2,0.002233952,moments_of_inertia_2,8.89E-05
94,l075-03_suite_clair,324,1897.5,72,0.07421418,-0.519802147,percentage_resonances_2,0.000173604,percentage_resonances_entropy_2,7.57E-06,moments_of_inertia_2,4.95E-09
95,l075-04_suite_passepied,624,1897.5,156,0.074544191,-0.371611465,percentage_resonances_2,0.001545479,percentage_resonances_entropy_2,0.000198713,moments_of_inertia_2,2.92E-06
96,l082_nocturne,355,1892,77,0.110881013,-0.350900226,percentage_resonances_2,0.001501162,percentage_resonances_entropy_2,8.80E-05,moments_of_inertia_2,8.11E-07
97,l087-01_images_lent,172,1894,57,0.117638182,-0.365664992,percentage_resonances_2,0.000338021,percentage_resonances_entropy_2,6.35E-05,moments_of_inertia_2,0
98,l087-02_images_souvenir,216,1894,72,0.07313377,-0.450963052,percentage_resonances_2,0.001028807,percentage_resonances_entropy_2,0.000172975,moments_of_inertia_2,6.93E-07
99,l087-03_images_quelques,677,1894,186,0.114913102,-0.273810732,percentage_resonances_2,0.005672781,percentage_resonances_entropy_2,0.000583079,moments_of_inertia_2,8.74E-06
100,l095-01_pour_prelude,536.12,1901,163,0.123770379,-0.293032799,percentage_resonances_2,0.022755567,percentage_resonances_entropy_2,0.000543863,moments_of_inertia_2,0.000762386
101,l095-02_pour_sarabande,216,1894,72,0.071691455,-0.446614783,percentage_resonances_2,0.001286008,percentage_resonances_entropy_2,0.00015039,moments_of_inertia_2,5.38E-07
102,l095-03_pour_toccata,532,1901,266,0.140501027,-0.154090716,percentage_resonances_2,0.111121751,percentage_resonances_entropy_2,0.011944702,moments_of_inertia_2,0.003707405
103,l099_cahier,202,1903,55,0.122250455,-0.381715374,percentage_resonances_2,0.003663276,percentage_resonances_entropy_2,0.000463107,moments_of_inertia_2,1.54E-06
104,l100-01_estampes_pagode,388,1903,98,0.060623478,-0.671310776,percentage_resonances_2,0.003029015,percentage_resonances_entropy_2,0.000632258,moments_of_inertia_2,1.90E-06
105,l100-02_estampes_soiree,280,1903,136,0.098386121,-0.325597871,percentage_resonances_2,0.021248442,percentage_resonances_entropy_2,0.000728282,moments_of_inertia_2,0.000179074
106,l100-03_estampes_jardins,631,1903,157,0.112713101,-0.356619785,percentage_resonances_2,0.163323056,percentage_resonances_entropy_2,0.014150851,moments_of_inertia_2,0.011703931
107,l105_masques,1143,1904,381,0.112867794,-0.333313287,percentage_resonances_2,0.027064202,percentage_resonances_entropy_2,0.002202687,moments_of_inertia_2,0.001047774
108,l106_isle,458.25,1904,255,0.131279372,-0.247348526,percentage_resonances_2,0.001792491,percentage_resonances_entropy_2,0.000160158,moments_of_inertia_2,1.09E-06
109,l108_morceau,54,1904,27,0.157808162,-0.428694517,percentage_resonances_2,0.007119972,percentage_resonances_entropy_2,0.001365808,moments_of_inertia_2,3.76E-06
110,l110-01_images_reflets,189.5,1904,95,0.110919184,-0.383634021,percentage_resonances_2,0.000941828,percentage_resonances_entropy_2,6.79E-05,moments_of_inertia_2,3.54E-07
111,l110-02_images_hommage,452,1904,76,0.132685529,-0.290989742,percentage_resonances_2,0.125460099,percentage_resonances_entropy_2,0.013964876,moments_of_inertia_2,0.004604007
112,l110-03_images_mouvement,354,1905,177,0.122508697,-0.377679088,percentage_resonances_2,0.171159387,percentage_resonances_entropy_2,0.012606983,moments_of_inertia_2,0.016298805
113,l111-01_images_cloches,224,1907,50,0.126146196,-0.409322238,percentage_resonances_2,0.00263074,percentage_resonances_entropy_2,0.000279402,moments_of_inertia_2,6.48E-06
114,l111-02_images_lune,228,1907,57,0.155686413,-0.301855483,percentage_resonances_2,0.038153273,percentage_resonances_entropy_2,0.002706468,moments_of_inertia_2,0.000161843
115,l111-03_images_poissons,306.5,1907,106,0.154820922,-0.214118353,percentage_resonances_2,0.00386211,percentage_resonances_entropy_2,0.000360926,moments_of_inertia_2,1.21E-05
116,l113-01_childrens_doctor,304,1907,76,0.137631921,-0.334617135,percentage_resonances_2,0.019160936,percentage_resonances_entropy_2,0.002170671,moments_of_inertia_2,0.000823644
117,l113-02_childrens_jimbos,324,1907,81,0.123306085,-0.352644967,percentage_resonances_2,0.003590804,percentage_resonances_entropy_2,0.000499236,moments_of_inertia_2,1.74E-05
118,l113-03_childrens_serenade,372,1908,124,0.125702928,-0.286182035,percentage_resonances_2,0.002049165,percentage_resonances_entropy_2,0.00024328,moments_of_inertia_2,2.26E-07
119,l113-04_childrens_snow,292,1907,74,0.132694117,-0.366092006,percentage_resonances_2,0.001055545,percentage_resonances_entropy_2,0.000342604,moments_of_inertia_2,3.37E-07
120,l113-05_childrens_little,124,1907,31,0.139046112,-0.329166105,percentage_resonances_2,0.029396462,percentage_resonances_entropy_2,0.006410386,moments_of_inertia_2,0.000622896
121,l113-06_childrens_golliwoggs,256,1907,128,0.079030744,-0.359728432,percentage_resonances_2,0.000768935,percentage_resonances_entropy_2,0.000125598,moments_of_inertia_2,2.92E-08
122,l114_petit,174,1909,87,0.081282424,-0.366005341,percentage_resonances_2,0.002774475,percentage_resonances_entropy_2,0.000368128,moments_of_inertia_2,8.88E-07
123,l115_hommage,216,1909,118,0.099715918,-0.469081758,percentage_resonances_2,0.001757545,percentage_resonances_entropy_2,0.000261763,moments_of_inertia_2,3.22E-07
124,l117-01_preludes_danseuses,97,1909,31,0.106227562,-0.445656,percentage_resonances_2,0.000651042,percentage_resonances_entropy_2,0.000127519,moments_of_inertia_2,5.81E-07
125,l117-02_preludes_voiles,128,1909,64,0.074875576,-0.808445594,percentage_resonances_2,0,percentage_resonances_entropy_2,0,moments_of_inertia_2,0
126,l117-03_preludes_vent,236,1909,59,0.150632833,-0.296865351,percentage_resonances_2,0.009049124,percentage_resonances_entropy_2,0.001031766,moments_of_inertia_2,9.48E-06
127,l117-04_preludes_sons,181.5,1910,53,0.140310993,-0.291511303,percentage_resonances_2,0.006822847,percentage_resonances_entropy_2,0.000586372,moments_of_inertia_2,2.72E-05
128,l117-05_preludes_collines,256,1909,96,0.074929421,-0.586394687,percentage_resonances_2,0.001251221,percentage_resonances_entropy_2,0.000266547,moments_of_inertia_2,5.67E-07
129,l117-06_preludes_pas,142,1909,36,0.113571343,-0.604289567,percentage_resonances_2,0.043741321,percentage_resonances_entropy_2,0.00852993,moments_of_inertia_2,0.000785655
130,l117-07_preludes_ce,272,1909.5,77,0.096188154,-0.365103074,percentage_resonances_2,0.001324611,percentage_resonances_entropy_2,0.000183567,moments_of_inertia_2,1.61E-06
131,l117-08_preludes_fille,117,1910,39,0.117868462,-0.570816007,percentage_resonances_2,0.000302457,percentage_resonances_entropy_2,9.70E-06,moments_of_inertia_2,1.14E-08
132,l117-09_preludes_serenade,209.5,1909.5,137,0.135017933,-0.328090496,percentage_resonances_2,0.230763948,percentage_resonances_entropy_2,0.068062544,moments_of_inertia_2,0.010188814
133,l117-10_preludes_cathedrale,534,1909.5,89,0.130193197,-0.315984844,percentage_resonances_2,0.220446611,percentage_resonances_entropy_2,0.025724548,moments_of_inertia_2,0.012405826
134,l117-11_preludes_danse,199,1910,96,0.136104399,-0.32429085,percentage_resonances_2,0.001919143,percentage_resonances_entropy_2,0.000216148,moments_of_inertia_2,7.12E-07
135,l117-12_preludes_minstrels,178,1910,89,0.15972726,-0.27842977,percentage_resonances_2,0.199367998,percentage_resonances_entropy_2,0.028145224,moments_of_inertia_2,0.00866682
136,l121_plus,444,1910,148,0.0778311,-0.299530214,percentage_resonances_2,0.000832986,percentage_resonances_entropy_2,0.000130825,moments_of_inertia_2,5.82E-08
137,l123-01_preludes_brouillards,105,1911,52,0.152230129,-0.448276787,percentage_resonances_2,0.220045351,percentage_resonances_entropy_2,0.065933641,moments_of_inertia_2,0.013466035
138,l123-02_preludes_feuilles,127,1911,52,0.135928465,-0.426106694,percentage_resonances_2,0.000620001,percentage_resonances_entropy_2,0.000134174,moments_of_inertia_2,0
139,l123-03_preludes_puerta,180,1911,90,0.087613514,-0.48753182,percentage_resonances_2,0.00106114,percentage_resonances_entropy_2,0.00021949,moments_of_inertia_2,2.69E-08
140,l123-04_preludes_fees,190.75,1911,127,0.119811283,-0.491059865,percentage_resonances_2,0.019722992,percentage_resonances_entropy_2,0.002901253,moments_of_inertia_2,0.000132393
141,l123-05_preludes_bruyeres,155,1911,51,0.079415914,-0.46747852,percentage_resonances_2,0.000175431,percentage_resonances_entropy_2,5.29E-05,moments_of_inertia_2,0
142,l123-06_preludes_general,218.5,1911,110,0.087856014,-0.402818392,percentage_resonances_2,0.005096732,percentage_resonances_entropy_2,0.000568726,moments_of_inertia_2,1.77E-06
143,l123-07_preludes_terrasse,134,1911,45,0.107629014,-0.35757226,percentage_resonances_2,0.058906665,percentage_resonances_entropy_2,0.006914722,moments_of_inertia_2,0.000532006
144,l123-08_preludes_ondine,225,1911,74,0.120927575,-0.626833462,percentage_resonances_2,0.049585459,percentage_resonances_entropy_2,0.011584602,moments_of_inertia_2,0.000377753
145,l123-09_preludes_hommage,162,1911,54,0.076734893,-0.485598798,percentage_resonances_2,0.000457247,percentage_resonances_entropy_2,5.54E-05,moments_of_inertia_2,1.31E-07
146,l123-10_preludes_canope,132,1911,33,0.1208452,-0.390881602,percentage_resonances_2,0.002913583,percentage_resonances_entropy_2,0.000360054,moments_of_inertia_2,2.36E-06
147,l123-11_preludes_tierces,330,1911,165,0.123334802,-0.218062974,percentage_resonances_2,0.027605066,percentage_resonances_entropy_2,0.001328282,moments_of_inertia_2,0.000294672
148,l123-12_preludes_feux,206.25,1911,100,0.187328882,-0.17829523,percentage_resonances_2,0.225162781,percentage_resonances_entropy_2,0.035662138,moments_of_inertia_2,0.009922121
149,l132_berceuse,272,1914,68,0.119462646,-0.303917564,percentage_resonances_2,0.004784818,percentage_resonances_entropy_2,0.000583322,moments_of_inertia_2,5.58E-06
150,l133_page,114,1915,38,0.145438401,-0.428712524,percentage_resonances_2,0.002923977,percentage_resonances_entropy_2,0.000632767,moments_of_inertia_2,8.29E-08
151,l136-01_etudes_cinq,317,1915,116,0.142508816,-0.243944047,percentage_resonances_2,0.007630989,percentage_resonances_entropy_2,0.000730008,moments_of_inertia_2,1.43E-05
152,l136-02_etudes_tierces,304,1915,80,0.098287233,-0.301315398,percentage_resonances_2,0.006037916,percentage_resonances_entropy_2,0.00148548,moments_of_inertia_2,2.57E-06
153,l136-03_etudes_quartes,252,1915,85,0.101520974,-0.253183841,percentage_resonances_2,0.050304,percentage_resonances_entropy_2,0.004866211,moments_of_inertia_2,0.000350428
154,l136-04_etudes_sixtes,179,1915,59,0.14537751,-0.265619238,percentage_resonances_2,0.0003121,percentage_resonances_entropy_2,2.42E-05,moments_of_inertia_2,3.39E-09
155,l136-05_etudes_octaves,181.5,1915,121,0.15858014,-0.170033744,percentage_resonances_2,0.001770398,percentage_resonances_entropy_2,0.000187361,moments_of_inertia_2,4.03E-07
156,l136-06_etudes_huit,146,1915,69,0.157703257,-0.177980171,percentage_resonances_2,0.004470868,percentage_resonances_entropy_2,0.000241658,moments_of_inertia_2,1.23E-06
157,l136-07_etudes_degres,176,1915,88,0.151199369,-0.227299522,percentage_resonances_2,0.023640816,percentage_resonances_entropy_2,0.00322674,moments_of_inertia_2,2.52E-05
158,l136-08_etudes_agrements,151,1915,62,0.157621676,-0.186436144,percentage_resonances_2,0.002252151,percentage_resonances_entropy_2,0.000145272,moments_of_inertia_2,1.30E-06
159,l136-09_etudes_notes,336,1915,85,0.160727621,-0.170045402,percentage_resonances_2,0.47764882,percentage_resonances_entropy_2,0.040138868,moments_of_inertia_2,0.020951812
160,l136-10_etudes_sonorites,277.5,1915,75,0.14688541,-0.26794584,percentage_resonances_2,0.017700947,percentage_resonances_entropy_2,0.003036923,moments_of_inertia_2,2.66E-05
161,l136-11_etudes_arpeges,201,1915,67,0.077301531,-0.391397701,percentage_resonances_2,0.006262468,percentage_resonances_entropy_2,0.001133641,moments_of_inertia_2,3.87E-06
162,l136-12_etudes_accords,308,1915,182,0.130134427,-0.289838563,percentage_resonances_2,0.000594171,percentage_resonances_entropy_2,6.85E-05,moments_of_inertia_2,9.50E-08
163,l138_elegie,83,1915,21,0.13497376,-0.392373282,percentage_resonances_2,0.017709392,percentage_resonances_entropy_2,0.005825672,moments_of_inertia_2,0.000136731
164,l000_etude,284,1915,73,0.130531953,-0.332186162,percentage_resonances_3,0.155723071,percentage_resonances_entropy_3,0.036232271,moments_of_inertia_3,0.004492603
165,l000_soirs,92,1917,23,0.15389629,-0.422059901,percentage_resonances_3,0.251988385,percentage_resonances_entropy_3,0.061014289,moments_of_inertia_3,0.005599152
166,l009_danse,184,1880,92,0.091874137,-0.426778867,percentage_resonances_3,0.073636119,percentage_resonances_entropy_3,0.01910437,moments_of_inertia_3,0.000779461
167,l066-01_arabesques_premiere,426,1888,107,0.085411954,-0.430629098,percentage_resonances_3,0.085430534,percentage_resonances_entropy_3,0.03166225,moments_of_inertia_3,0.001682776
168,l066-02_arabesques_deuxieme,440,1891,110,0.083544512,-0.371912031,percentage_resonances_3,0.050018589,percentage_resonances_entropy_3,0.009397517,moments_of_inertia_3,0.000445017
169,l067_mazurka,414,1890,138,0.103514731,-0.460649669,percentage_resonances_3,0.047722623,percentage_resonances_entropy_3,0.004012397,moments_of_inertia_3,0.000605276
170,l068_reverie,403,1890,101,0.088607773,-0.30317382,percentage_resonances_3,0.113700595,percentage_resonances_entropy_3,0.025217278,moments_of_inertia_3,0.001589636
171,l069_tarentelle,999,1890,333,0.102074287,-0.34418201,percentage_resonances_3,0.183056693,percentage_resonances_entropy_3,0.017784846,moments_of_inertia_3,0.002951552
172,l070_ballade,420,1890,105,0.125145968,-0.227159353,percentage_resonances_3,0.086190476,percentage_resonances_entropy_3,0.017797449,moments_of_inertia_3,0.001730654
173,l071_valse,453,1890,151,0.112476451,-0.401019614,percentage_resonances_3,0.023579038,percentage_resonances_entropy_3,0.002183309,moments_of_inertia_3,2.83E-05
174,l075-01_suite_prelude,356,1897.5,89,0.067829486,-0.430037051,percentage_resonances_3,0.024909918,percentage_resonances_entropy_3,0.006533284,moments_of_inertia_3,0.000294683
175,l075-02_suite_menuet,312,1897.5,104,0.08949973,-0.290015853,percentage_resonances_3,0.08905307,percentage_resonances_entropy_3,0.024958822,moments_of_inertia_3,0.001056046
176,l075-03_suite_clair,324,1897.5,72,0.07421418,-0.519802147,percentage_resonances_3,0.016125921,percentage_resonances_entropy_3,0.001496468,moments_of_inertia_3,2.79E-05
177,l075-04_suite_passepied,624,1897.5,156,0.074544191,-0.371611465,percentage_resonances_3,0.02286064,percentage_resonances_entropy_3,0.003741236,moments_of_inertia_3,8.08E-05
178,l082_nocturne,355,1892,77,0.110881013,-0.350900226,percentage_resonances_3,0.702447056,percentage_resonances_entropy_3,0.090850306,moments_of_inertia_3,0.055028691
179,l087-01_images_lent,172,1894,57,0.117638182,-0.365664992,percentage_resonances_3,0.220592212,percentage_resonances_entropy_3,0.038738417,moments_of_inertia_3,0.008414558
180,l087-02_images_souvenir,216,1894,72,0.07313377,-0.450963052,percentage_resonances_3,0.013931756,percentage_resonances_entropy_3,0.002686603,moments_of_inertia_3,4.82E-06
181,l087-03_images_quelques,677,1894,186,0.114913102,-0.273810732,percentage_resonances_3,0.061318398,percentage_resonances_entropy_3,0.006070669,moments_of_inertia_3,0.002249998
182,l095-01_pour_prelude,536.12,1901,163,0.123770379,-0.293032799,percentage_resonances_3,0.105905975,percentage_resonances_entropy_3,0.002931935,moments_of_inertia_3,0.008474013
183,l095-02_pour_sarabande,216,1894,72,0.071691455,-0.446614783,percentage_resonances_3,0.013545953,percentage_resonances_entropy_3,0.002683307,moments_of_inertia_3,4.61E-06
184,l095-03_pour_toccata,532,1901,266,0.140501027,-0.154090716,percentage_resonances_3,0.060504822,percentage_resonances_entropy_3,0.006233144,moments_of_inertia_3,0.000264917
185,l099_cahier,202,1903,55,0.122250455,-0.381715374,percentage_resonances_3,0.174550135,percentage_resonances_entropy_3,0.054490573,moments_of_inertia_3,0.006150737
186,l100-01_estampes_pagode,388,1903,98,0.060623478,-0.671310776,percentage_resonances_3,0.000650972,percentage_resonances_entropy_3,0.000126671,moments_of_inertia_3,2.65E-08
187,l100-02_estampes_soiree,280,1903,136,0.098386121,-0.325597871,percentage_resonances_3,0.097352295,percentage_resonances_entropy_3,0.023150478,moments_of_inertia_3,0.00112442
188,l100-03_estampes_jardins,631,1903,157,0.112713101,-0.356619785,percentage_resonances_3,0.061072457,percentage_resonances_entropy_3,0.003458266,moments_of_inertia_3,0.000686558
189,l105_masques,1143,1904,381,0.112867794,-0.333313287,percentage_resonances_3,0.064519932,percentage_resonances_entropy_3,0.005538354,moments_of_inertia_3,0.000639611
190,l106_isle,458.25,1904,255,0.131279372,-0.247348526,percentage_resonances_3,0.060372609,percentage_resonances_entropy_3,0.009373257,moments_of_inertia_3,0.000495384
191,l108_morceau,54,1904,27,0.157808162,-0.428694517,percentage_resonances_3,0.004271983,percentage_resonances_entropy_3,0.000543684,moments_of_inertia_3,5.43E-06
192,l110-01_images_reflets,189.5,1904,95,0.110919184,-0.383634021,percentage_resonances_3,0.035900277,percentage_resonances_entropy_3,0.006637014,moments_of_inertia_3,0.000167299
193,l110-02_images_hommage,452,1904,76,0.132685529,-0.290989742,percentage_resonances_3,0.053949017,percentage_resonances_entropy_3,0.006562167,moments_of_inertia_3,0.000349409
194,l110-03_images_mouvement,354,1905,177,0.122508697,-0.377679088,percentage_resonances_3,0.023882705,percentage_resonances_entropy_3,0.001788162,moments_of_inertia_3,0.000116321
195,l111-01_images_cloches,224,1907,50,0.126146196,-0.409322238,percentage_resonances_3,0.022281569,percentage_resonances_entropy_3,0.002497393,moments_of_inertia_3,8.62E-05
196,l111-02_images_lune,228,1907,57,0.155686413,-0.301855483,percentage_resonances_3,0.18606998,percentage_resonances_entropy_3,0.0169959,moments_of_inertia_3,0.006071234
197,l111-03_images_poissons,306.5,1907,106,0.154820922,-0.214118353,percentage_resonances_3,0.169062802,percentage_resonances_entropy_3,0.042933318,moments_of_inertia_3,0.004268065
198,l113-01_childrens_doctor,304,1907,76,0.137631921,-0.334617135,percentage_resonances_3,0.161146124,percentage_resonances_entropy_3,0.017521651,moments_of_inertia_3,0.003910389
199,l113-02_childrens_jimbos,324,1907,81,0.123306085,-0.352644967,percentage_resonances_3,0.015217244,percentage_resonances_entropy_3,0.001954776,moments_of_inertia_3,7.73E-05
200,l113-03_childrens_serenade,372,1908,124,0.125702928,-0.286182035,percentage_resonances_3,0.043477938,percentage_resonances_entropy_3,0.009759226,moments_of_inertia_3,0.000268671
201,l113-04_childrens_snow,292,1907,74,0.132694117,-0.366092006,percentage_resonances_3,0.132177707,percentage_resonances_entropy_3,0.025403317,moments_of_inertia_3,0.002081187
202,l113-05_childrens_little,124,1907,31,0.139046112,-0.329166105,percentage_resonances_3,0.099895942,percentage_resonances_entropy_3,0.025728722,moments_of_inertia_3,0.000703928
203,l113-06_childrens_golliwoggs,256,1907,128,0.079030744,-0.359728432,percentage_resonances_3,0.04982699,percentage_resonances_entropy_3,0.004972577,moments_of_inertia_3,0.000116728
204,l114_petit,174,1909,87,0.081282424,-0.366005341,percentage_resonances_3,0.024045449,percentage_resonances_entropy_3,0.004481769,moments_of_inertia_3,1.04E-05
205,l115_hommage,216,1909,118,0.099715918,-0.469081758,percentage_resonances_3,0.002572016,percentage_resonances_entropy_3,0.000479236,moments_of_inertia_3,4.79E-07
206,l117-01_preludes_danseuses,97,1909,31,0.106227562,-0.445656,percentage_resonances_3,0.092881944,percentage_resonances_entropy_3,0.020398904,moments_of_inertia_3,0.000908876
207,l117-02_preludes_voiles,128,1909,64,0.074875576,-0.808445594,percentage_resonances_3,0.005828012,percentage_resonances_entropy_3,0.000643658,moments_of_inertia_3,1.69E-05
208,l117-03_preludes_vent,236,1909,59,0.150632833,-0.296865351,percentage_resonances_3,0.180048837,percentage_resonances_entropy_3,0.031757321,moments_of_inertia_3,0.005087399
209,l117-04_preludes_sons,181.5,1910,53,0.140310993,-0.291511303,percentage_resonances_3,0.225093588,percentage_resonances_entropy_3,0.031273148,moments_of_inertia_3,0.008308077
210,l117-05_preludes_collines,256,1909,96,0.074929421,-0.586394687,percentage_resonances_3,0.011230469,percentage_resonances_entropy_3,0.003057714,moments_of_inertia_3,6.69E-06
211,l117-06_preludes_pas,142,1909,36,0.113571343,-0.604289567,percentage_resonances_3,0.030648681,percentage_resonances_entropy_3,0.008331891,moments_of_inertia_3,7.35E-05
212,l117-07_preludes_ce,272,1909.5,77,0.096188154,-0.365103074,percentage_resonances_3,0.006785251,percentage_resonances_entropy_3,0.000902933,moments_of_inertia_3,9.22E-06
213,l117-08_preludes_fille,117,1910,39,0.117868462,-0.570816007,percentage_resonances_3,0.166654064,percentage_resonances_entropy_3,0.092304754,moments_of_inertia_3,0.005966846
214,l117-09_preludes_serenade,209.5,1909.5,137,0.135017933,-0.328090496,percentage_resonances_3,0.569034592,percentage_resonances_entropy_3,0.123660162,moments_of_inertia_3,0.043336214
215,l117-10_preludes_cathedrale,534,1909.5,89,0.130193197,-0.315984844,percentage_resonances_3,0.194753449,percentage_resonances_entropy_3,0.03889884,moments_of_inertia_3,0.014099307
216,l117-11_preludes_danse,199,1910,96,0.136104399,-0.32429085,percentage_resonances_3,0.073482993,percentage_resonances_entropy_3,0.015270379,moments_of_inertia_3,0.000661939
217,l117-12_preludes_minstrels,178,1910,89,0.15972726,-0.27842977,percentage_resonances_3,0.037920138,percentage_resonances_entropy_3,0.005076112,moments_of_inertia_3,5.43E-05
218,l121_plus,444,1910,148,0.0778311,-0.299530214,percentage_resonances_3,0.050092297,percentage_resonances_entropy_3,0.011420216,moments_of_inertia_3,0.000191565
219,l123-01_preludes_brouillards,105,1911,52,0.152230129,-0.448276787,percentage_resonances_3,0.151111111,percentage_resonances_entropy_3,0.038515339,moments_of_inertia_3,0.001480863
220,l123-02_preludes_feuilles,127,1911,52,0.135928465,-0.426106694,percentage_resonances_3,0.130448261,percentage_resonances_entropy_3,0.036856194,moments_of_inertia_3,0.004161843
221,l123-03_preludes_puerta,180,1911,90,0.087613514,-0.48753182,percentage_resonances_3,0.058300303,percentage_resonances_entropy_3,0.01822615,moments_of_inertia_3,0.000274419
222,l123-04_preludes_fees,190.75,1911,127,0.119811283,-0.491059865,percentage_resonances_3,0.035124654,percentage_resonances_entropy_3,0.004666737,moments_of_inertia_3,8.26E-05
223,l123-05_preludes_bruyeres,155,1911,51,0.079415914,-0.46747852,percentage_resonances_3,0.031577562,percentage_resonances_entropy_3,0.007908769,moments_of_inertia_3,6.88E-05
224,l123-06_preludes_general,218.5,1911,110,0.087856014,-0.402818392,percentage_resonances_3,0.022170783,percentage_resonances_entropy_3,0.004294694,moments_of_inertia_3,3.65E-05
225,l123-07_preludes_terrasse,134,1911,45,0.107629014,-0.35757226,percentage_resonances_3,0.049409237,percentage_resonances_entropy_3,0.006780457,moments_of_inertia_3,0.000255344
226,l123-08_preludes_ondine,225,1911,74,0.120927575,-0.626833462,percentage_resonances_3,0.092115753,percentage_resonances_entropy_3,0.020969348,moments_of_inertia_3,0.000959434
227,l123-09_preludes_hommage,162,1911,54,0.076734893,-0.485598798,percentage_resonances_3,0.0318549,percentage_resonances_entropy_3,0.005485205,moments_of_inertia_3,3.93E-05
228,l123-10_preludes_canope,132,1911,33,0.1208452,-0.390881602,percentage_resonances_3,0.072839578,percentage_resonances_entropy_3,0.016530147,moments_of_inertia_3,0.00048739
229,l123-11_preludes_tierces,330,1911,165,0.123334802,-0.218062974,percentage_resonances_3,0.0238357,percentage_resonances_entropy_3,0.001286787,moments_of_inertia_3,8.71E-05
230,l123-12_preludes_feux,206.25,1911,100,0.187328882,-0.17829523,percentage_resonances_3,0.211906929,percentage_resonances_entropy_3,0.040261263,moments_of_inertia_3,0.00895543
231,l132_berceuse,272,1914,68,0.119462646,-0.303917564,percentage_resonances_3,0.052281574,percentage_resonances_entropy_3,0.007115076,moments_of_inertia_3,0.00023561
232,l133_page,114,1915,38,0.145438401,-0.428712524,percentage_resonances_3,0.131732841,percentage_resonances_entropy_3,0.039163534,moments_of_inertia_3,0.002885704
233,l136-01_etudes_cinq,317,1915,116,0.142508816,-0.243944047,percentage_resonances_3,0.293462586,percentage_resonances_entropy_3,0.048519849,moments_of_inertia_3,0.015094924
234,l136-02_etudes_tierces,304,1915,80,0.098287233,-0.301315398,percentage_resonances_3,0.016101108,percentage_resonances_entropy_3,0.002176551,moments_of_inertia_3,4.07E-05
235,l136-03_etudes_quartes,252,1915,85,0.101520974,-0.253183841,percentage_resonances_3,0.048544,percentage_resonances_entropy_3,0.005373001,moments_of_inertia_3,0.000256484
236,l136-04_etudes_sixtes,179,1915,59,0.14537751,-0.265619238,percentage_resonances_3,0.083580413,percentage_resonances_entropy_3,0.016832,moments_of_inertia_3,0.002306403
237,l136-05_etudes_octaves,181.5,1915,121,0.15858014,-0.170033744,percentage_resonances_3,0.339244834,percentage_resonances_entropy_3,0.064288817,moments_of_inertia_3,0.009173646
238,l136-06_etudes_huit,146,1915,69,0.157703257,-0.177980171,percentage_resonances_3,0.009322235,percentage_resonances_entropy_3,0.000691555,moments_of_inertia_3,6.22E-05
239,l136-07_etudes_degres,176,1915,88,0.151199369,-0.227299522,percentage_resonances_3,0.081763265,percentage_resonances_entropy_3,0.007790077,moments_of_inertia_3,0.000871212
240,l136-08_etudes_agrements,151,1915,62,0.157621676,-0.186436144,percentage_resonances_3,0.334129093,percentage_resonances_entropy_3,0.07788349,moments_of_inertia_3,0.014978794
241,l136-09_etudes_notes,336,1915,85,0.160727621,-0.170045402,percentage_resonances_3,0.079737395,percentage_resonances_entropy_3,0.004735164,moments_of_inertia_3,0.00056866
242,l136-10_etudes_sonorites,277.5,1915,75,0.14688541,-0.26794584,percentage_resonances_3,0.434113141,percentage_resonances_entropy_3,0.080126933,moments_of_inertia_3,0.028719861
243,l136-11_etudes_arpeges,201,1915,67,0.077301531,-0.391397701,percentage_resonances_3,0.022625691,percentage_resonances_entropy_3,0.003007455,moments_of_inertia_3,3.17E-05
244,l136-12_etudes_accords,308,1915,182,0.130134427,-0.289838563,percentage_resonances_3,0.52293393,percentage_resonances_entropy_3,0.104314136,moments_of_inertia_3,0.027957858
245,l138_elegie,83,1915,21,0.13497376,-0.392373282,percentage_resonances_3,0.11874002,percentage_resonances_entropy_3,0.031407391,moments_of_inertia_3,0.001150531
246,l000_etude,284,1915,73,0.130531953,-0.332186162,percentage_resonances_4,0.322406269,percentage_resonances_entropy_4,0.074498915,moments_of_inertia_4,0.00656131
247,l000_soirs,92,1917,23,0.15389629,-0.422059901,percentage_resonances_4,0.181795228,percentage_resonances_entropy_4,0.042161916,moments_of_inertia_4,0.004763472
248,l009_danse,184,1880,92,0.091874137,-0.426778867,percentage_resonances_4,0.053689271,percentage_resonances_entropy_4,0.011471812,moments_of_inertia_4,0.000158846
249,l066-01_arabesques_premiere,426,1888,107,0.085411954,-0.430629098,percentage_resonances_4,0.024344852,percentage_resonances_entropy_4,0.005053695,moments_of_inertia_4,1.40E-05
250,l066-02_arabesques_deuxieme,440,1891,110,0.083544512,-0.371912031,percentage_resonances_4,0.039315282,percentage_resonances_entropy_4,0.008821018,moments_of_inertia_4,3.80E-05
251,l067_mazurka,414,1890,138,0.103514731,-0.460649669,percentage_resonances_4,0.140154424,percentage_resonances_entropy_4,0.018357844,moments_of_inertia_4,0.001389555
252,l068_reverie,403,1890,101,0.088607773,-0.30317382,percentage_resonances_4,0.053974841,percentage_resonances_entropy_4,0.01248656,moments_of_inertia_4,0.000301538
253,l069_tarentelle,999,1890,333,0.102074287,-0.34418201,percentage_resonances_4,0.144175757,percentage_resonances_entropy_4,0.02165826,moments_of_inertia_4,0.001764916
254,l070_ballade,420,1890,105,0.125145968,-0.227159353,percentage_resonances_4,0.326870748,percentage_resonances_entropy_4,0.066372306,moments_of_inertia_4,0.017259447
255,l071_valse,453,1890,151,0.112476451,-0.401019614,percentage_resonances_4,0.307884425,percentage_resonances_entropy_4,0.049850127,moments_of_inertia_4,0.016925306
256,l075-01_suite_prelude,356,1897.5,89,0.067829486,-0.430037051,percentage_resonances_4,0.031522603,percentage_resonances_entropy_4,0.007579347,moments_of_inertia_4,4.83E-05
257,l075-02_suite_menuet,312,1897.5,104,0.08949973,-0.290015853,percentage_resonances_4,0.046118626,percentage_resonances_entropy_4,0.010778639,moments_of_inertia_4,9.76E-05
258,l075-03_suite_clair,324,1897.5,72,0.07421418,-0.519802147,percentage_resonances_4,0.064812314,percentage_resonances_entropy_4,0.007659401,moments_of_inertia_4,0.000184692
259,l075-04_suite_passepied,624,1897.5,156,0.074544191,-0.371611465,percentage_resonances_4,0.105813438,percentage_resonances_entropy_4,0.015959039,moments_of_inertia_4,0.000825972
260,l082_nocturne,355,1892,77,0.110881013,-0.350900226,percentage_resonances_4,0.063646049,percentage_resonances_entropy_4,0.006224614,moments_of_inertia_4,0.000227708
261,l087-01_images_lent,172,1894,57,0.117638182,-0.365664992,percentage_resonances_4,0.093158464,percentage_resonances_entropy_4,0.016215159,moments_of_inertia_4,0.000489195
262,l087-02_images_souvenir,216,1894,72,0.07313377,-0.450963052,percentage_resonances_4,0.040852195,percentage_resonances_entropy_4,0.011107902,moments_of_inertia_4,0.000116259
263,l087-03_images_quelques,677,1894,186,0.114913102,-0.273810732,percentage_resonances_4,0.181803901,percentage_resonances_entropy_4,0.028058991,moments_of_inertia_4,0.001713958
264,l095-01_pour_prelude,536.12,1901,163,0.123770379,-0.293032799,percentage_resonances_4,0.06503473,percentage_resonances_entropy_4,0.005296265,moments_of_inertia_4,0.000395559
265,l095-02_pour_sarabande,216,1894,72,0.071691455,-0.446614783,percentage_resonances_4,0.034722222,percentage_resonances_entropy_4,0.00866256,moments_of_inertia_4,7.65E-05
266,l095-03_pour_toccata,532,1901,266,0.140501027,-0.154090716,percentage_resonances_4,0.218668539,percentage_resonances_entropy_4,0.025711849,moments_of_inertia_4,0.004998608
267,l099_cahier,202,1903,55,0.122250455,-0.381715374,percentage_resonances_4,0.052820475,percentage_resonances_entropy_4,0.012109709,moments_of_inertia_4,0.000223585
268,l100-01_estampes_pagode,388,1903,98,0.060623478,-0.671310776,percentage_resonances_4,0.029865023,percentage_resonances_entropy_4,0.010320954,moments_of_inertia_4,5.86E-05
269,l100-02_estampes_soiree,280,1903,136,0.098386121,-0.325597871,percentage_resonances_4,0.039336596,percentage_resonances_entropy_4,0.009952128,moments_of_inertia_4,8.91E-05
270,l100-03_estampes_jardins,631,1903,157,0.112713101,-0.356619785,percentage_resonances_4,0.423419814,percentage_resonances_entropy_4,0.031726414,moments_of_inertia_4,0.012028855
271,l105_masques,1143,1904,381,0.112867794,-0.333313287,percentage_resonances_4,0.469164889,percentage_resonances_entropy_4,0.056783655,moments_of_inertia_4,0.02951181
272,l106_isle,458.25,1904,255,0.131279372,-0.247348526,percentage_resonances_4,0.495289945,percentage_resonances_entropy_4,0.063920168,moments_of_inertia_4,0.03298216
273,l108_morceau,54,1904,27,0.157808162,-0.428694517,percentage_resonances_4,0.138839445,percentage_resonances_entropy_4,0.035667811,moments_of_inertia_4,0.002399118
274,l110-01_images_reflets,189.5,1904,95,0.110919184,-0.383634021,percentage_resonances_4,0.099722992,percentage_resonances_entropy_4,0.020985745,moments_of_inertia_4,0.001102739
275,l110-02_images_hommage,452,1904,76,0.132685529,-0.290989742,percentage_resonances_4,0.556171196,percentage_resonances_entropy_4,0.066303818,moments_of_inertia_4,0.031076198
276,l110-03_images_mouvement,354,1905,177,0.122508697,-0.377679088,percentage_resonances_4,0.016274908,percentage_resonances_entropy_4,0.002277505,moments_of_inertia_4,1.54E-05
277,l111-01_images_cloches,224,1907,50,0.126146196,-0.409322238,percentage_resonances_4,0.737643495,percentage_resonances_entropy_4,0.220760503,moments_of_inertia_4,0.068267492
278,l111-02_images_lune,228,1907,57,0.155686413,-0.301855483,percentage_resonances_4,0.486832657,percentage_resonances_entropy_4,0.053040163,moments_of_inertia_4,0.028310336
279,l111-03_images_poissons,306.5,1907,106,0.154820922,-0.214118353,percentage_resonances_4,0.174219355,percentage_resonances_entropy_4,0.050543947,moments_of_inertia_4,0.002153551
280,l113-01_childrens_doctor,304,1907,76,0.137631921,-0.334617135,percentage_resonances_4,0.119446805,percentage_resonances_entropy_4,0.011072467,moments_of_inertia_4,0.002961342
281,l113-02_childrens_jimbos,324,1907,81,0.123306085,-0.352644967,percentage_resonances_4,0.217408604,percentage_resonances_entropy_4,0.022557917,moments_of_inertia_4,0.010627856
282,l113-03_childrens_serenade,372,1908,124,0.125702928,-0.286182035,percentage_resonances_4,0.428156717,percentage_resonances_entropy_4,0.153516297,moments_of_inertia_4,0.024349571
283,l113-04_childrens_snow,292,1907,74,0.132694117,-0.366092006,percentage_resonances_4,0.438262338,percentage_resonances_entropy_4,0.082193193,moments_of_inertia_4,0.02471229
284,l113-05_childrens_little,124,1907,31,0.139046112,-0.329166105,percentage_resonances_4,0.232310094,percentage_resonances_entropy_4,0.064061879,moments_of_inertia_4,0.011659514
285,l113-06_childrens_golliwoggs,256,1907,128,0.079030744,-0.359728432,percentage_resonances_4,0.020730488,percentage_resonances_entropy_4,0.002434427,moments_of_inertia_4,3.10E-05
286,l114_petit,174,1909,87,0.081282424,-0.366005341,percentage_resonances_4,0.046373365,percentage_resonances_entropy_4,0.011170421,moments_of_inertia_4,4.88E-05
287,l115_hommage,216,1909,118,0.099715918,-0.469081758,percentage_resonances_4,0.134859396,percentage_resonances_entropy_4,0.032246005,moments_of_inertia_4,0.001760523
288,l117-01_preludes_danseuses,97,1909,31,0.106227562,-0.445656,percentage_resonances_4,0.029079861,percentage_resonances_entropy_4,0.005528058,moments_of_inertia_4,6.48E-05
289,l117-02_preludes_voiles,128,1909,64,0.074875576,-0.808445594,percentage_resonances_4,0.007316015,percentage_resonances_entropy_4,0.001311886,moments_of_inertia_4,8.96E-06
290,l117-03_preludes_vent,236,1909,59,0.150632833,-0.296865351,percentage_resonances_4,0.365843149,percentage_resonances_entropy_4,0.0576633,moments_of_inertia_4,0.02109443
291,l117-04_preludes_sons,181.5,1910,53,0.140310993,-0.291511303,percentage_resonances_4,0.566658616,percentage_resonances_entropy_4,0.081416606,moments_of_inertia_4,0.030167319
292,l117-05_preludes_collines,256,1909,96,0.074929421,-0.586394687,percentage_resonances_4,0.075378418,percentage_resonances_entropy_4,0.017546036,moments_of_inertia_4,0.000592306
293,l117-06_preludes_pas,142,1909,36,0.113571343,-0.604289567,percentage_resonances_4,0.790517754,percentage_resonances_entropy_4,0.316259635,moments_of_inertia_4,0.076254288
294,l117-07_preludes_ce,272,1909.5,77,0.096188154,-0.365103074,percentage_resonances_4,0.637786548,percentage_resonances_entropy_4,0.151316668,moments_of_inertia_4,0.064738695
295,l117-08_preludes_fille,117,1910,39,0.117868462,-0.570816007,percentage_resonances_4,0.0668431,percentage_resonances_entropy_4,0.030402304,moments_of_inertia_4,0.000532622
296,l117-09_preludes_serenade,209.5,1909.5,137,0.135017933,-0.328090496,percentage_resonances_4,0.100913441,percentage_resonances_entropy_4,0.033199643,moments_of_inertia_4,0.00087323
297,l117-10_preludes_cathedrale,534,1909.5,89,0.130193197,-0.315984844,percentage_resonances_4,0.103037082,percentage_resonances_entropy_4,0.015089233,moments_of_inertia_4,0.002377196
298,l117-11_preludes_danse,199,1910,96,0.136104399,-0.32429085,percentage_resonances_4,0.199944446,percentage_resonances_entropy_4,0.064302236,moments_of_inertia_4,0.00185888
299,l117-12_preludes_minstrels,178,1910,89,0.15972726,-0.27842977,percentage_resonances_4,0.236522072,percentage_resonances_entropy_4,0.0276693,moments_of_inertia_4,0.007130594
300,l121_plus,444,1910,148,0.0778311,-0.299530214,percentage_resonances_4,0.037247855,percentage_resonances_entropy_4,0.007285408,moments_of_inertia_4,2.30E-05
301,l123-01_preludes_brouillards,105,1911,52,0.152230129,-0.448276787,percentage_resonances_4,0.601723356,percentage_resonances_entropy_4,0.146542218,moments_of_inertia_4,0.05636176
302,l123-02_preludes_feuilles,127,1911,52,0.135928465,-0.426106694,percentage_resonances_4,0.632525265,percentage_resonances_entropy_4,0.139969599,moments_of_inertia_4,0.044917404
303,l123-03_preludes_puerta,180,1911,90,0.087613514,-0.48753182,percentage_resonances_4,0.876626822,percentage_resonances_entropy_4,0.41697517,moments_of_inertia_4,0.076471518
304,l123-04_preludes_fees,190.75,1911,127,0.119811283,-0.491059865,percentage_resonances_4,0.141772853,percentage_resonances_entropy_4,0.03083231,moments_of_inertia_4,0.000832838
305,l123-05_preludes_bruyeres,155,1911,51,0.079415914,-0.46747852,percentage_resonances_4,0.038682514,percentage_resonances_entropy_4,0.01035896,moments_of_inertia_4,7.25E-05
306,l123-06_preludes_general,218.5,1911,110,0.087856014,-0.402818392,percentage_resonances_4,0.899700567,percentage_resonances_entropy_4,0.189201748,moments_of_inertia_4,0.073067831
307,l123-07_preludes_terrasse,134,1911,45,0.107629014,-0.35757226,percentage_resonances_4,0.840635423,percentage_resonances_entropy_4,0.154952475,moments_of_inertia_4,0.063096362
308,l123-08_preludes_ondine,225,1911,74,0.120927575,-0.626833462,percentage_resonances_4,0.690569196,percentage_resonances_entropy_4,0.230535259,moments_of_inertia_4,0.080076737
309,l123-09_preludes_hommage,162,1911,54,0.076734893,-0.485598798,percentage_resonances_4,0.018899558,percentage_resonances_entropy_4,0.003096229,moments_of_inertia_4,1.50E-05
310,l123-10_preludes_canope,132,1911,33,0.1208452,-0.390881602,percentage_resonances_4,0.067944758,percentage_resonances_entropy_4,0.017642591,moments_of_inertia_4,0.0003014
311,l123-11_preludes_tierces,330,1911,165,0.123334802,-0.218062974,percentage_resonances_4,0.206594544,percentage_resonances_entropy_4,0.013102172,moments_of_inertia_4,0.004263077
312,l123-12_preludes_feux,206.25,1911,100,0.187328882,-0.17829523,percentage_resonances_4,0.260962916,percentage_resonances_entropy_4,0.049401457,moments_of_inertia_4,0.004394758
313,l132_berceuse,272,1914,68,0.119462646,-0.303917564,percentage_resonances_4,0.244214965,percentage_resonances_entropy_4,0.048261466,moments_of_inertia_4,0.004203244
314,l133_page,114,1915,38,0.145438401,-0.428712524,percentage_resonances_4,0.664358264,percentage_resonances_entropy_4,0.219443957,moments_of_inertia_4,0.065903129
315,l136-01_etudes_cinq,317,1915,116,0.142508816,-0.243944047,percentage_resonances_4,0.175873257,percentage_resonances_entropy_4,0.021961532,moments_of_inertia_4,0.002624293
316,l136-02_etudes_tierces,304,1915,80,0.098287233,-0.301315398,percentage_resonances_4,0.290014716,percentage_resonances_entropy_4,0.085844595,moments_of_inertia_4,0.007237267
317,l136-03_etudes_quartes,252,1915,85,0.101520974,-0.253183841,percentage_resonances_4,0.078304,percentage_resonances_entropy_4,0.009002996,moments_of_inertia_4,0.0004003
318,l136-04_etudes_sixtes,179,1915,59,0.14537751,-0.265619238,percentage_resonances_4,0.284448051,percentage_resonances_entropy_4,0.054261288,moments_of_inertia_4,0.006739517
319,l136-05_etudes_octaves,181.5,1915,121,0.15858014,-0.170033744,percentage_resonances_4,0.246329477,percentage_resonances_entropy_4,0.037937826,moments_of_inertia_4,0.007598722
320,l136-06_etudes_huit,146,1915,69,0.157703257,-0.177980171,percentage_resonances_4,0.433008323,percentage_resonances_entropy_4,0.040830091,moments_of_inertia_4,0.012739896
321,l136-07_etudes_degres,176,1915,88,0.151199369,-0.227299522,percentage_resonances_4,0.614269388,percentage_resonances_entropy_4,0.117163798,moments_of_inertia_4,0.025185603
322,l136-08_etudes_agrements,151,1915,62,0.157621676,-0.186436144,percentage_resonances_4,0.126120445,percentage_resonances_entropy_4,0.027532299,moments_of_inertia_4,0.001509837
323,l136-09_etudes_notes,336,1915,85,0.160727621,-0.170045402,percentage_resonances_4,0.22483745,percentage_resonances_entropy_4,0.019352829,moments_of_inertia_4,0.002602253
324,l136-10_etudes_sonorites,277.5,1915,75,0.14688541,-0.26794584,percentage_resonances_4,0.316495005,percentage_resonances_entropy_4,0.087778453,moments_of_inertia_4,0.005474705
325,l136-11_etudes_arpeges,201,1915,67,0.077301531,-0.391397701,percentage_resonances_4,0.019746976,percentage_resonances_entropy_4,0.003674251,moments_of_inertia_4,9.71E-06
326,l136-12_etudes_accords,308,1915,182,0.130134427,-0.289838563,percentage_resonances_4,0.168659614,percentage_resonances_entropy_4,0.027710529,moments_of_inertia_4,0.00412215
327,l138_elegie,83,1915,21,0.13497376,-0.392373282,percentage_resonances_4,0.065611845,percentage_resonances_entropy_4,0.019321378,moments_of_inertia_4,0.001152395
328,l000_etude,284,1915,73,0.130531953,-0.332186162,percentage_resonances_5,0.518944654,percentage_resonances_entropy_5,0.113180661,moments_of_inertia_5,0.03259559
329,l000_soirs,92,1917,23,0.15389629,-0.422059901,percentage_resonances_5,0.530236081,percentage_resonances_entropy_5,0.09647285,moments_of_inertia_5,0.050803348
330,l009_danse,184,1880,92,0.091874137,-0.426778867,percentage_resonances_5,0.875451641,percentage_resonances_entropy_5,0.305091462,moments_of_inertia_5,0.069761113
331,l066-01_arabesques_premiere,426,1888,107,0.085411954,-0.430629098,percentage_resonances_5,0.889906052,percentage_resonances_entropy_5,0.433356174,moments_of_inertia_5,0.071808443
332,l066-02_arabesques_deuxieme,440,1891,110,0.083544512,-0.371912031,percentage_resonances_5,0.81324194,percentage_resonances_entropy_5,0.226211444,moments_of_inertia_5,0.058324657
333,l067_mazurka,414,1890,138,0.103514731,-0.460649669,percentage_resonances_5,0.812410227,percentage_resonances_entropy_5,0.135940642,moments_of_inertia_5,0.061989885
334,l068_reverie,403,1890,101,0.088607773,-0.30317382,percentage_resonances_5,0.829522994,percentage_resonances_entropy_5,0.296076144,moments_of_inertia_5,0.050114906
335,l069_tarentelle,999,1890,333,0.102074287,-0.34418201,percentage_resonances_5,0.671895325,percentage_resonances_entropy_5,0.115727212,moments_of_inertia_5,0.050967221
336,l070_ballade,420,1890,105,0.125145968,-0.227159353,percentage_resonances_5,0.553786848,percentage_resonances_entropy_5,0.163274132,moments_of_inertia_5,0.021901874
337,l071_valse,453,1890,151,0.112476451,-0.401019614,percentage_resonances_5,0.663202246,percentage_resonances_entropy_5,0.08270192,moments_of_inertia_5,0.046623601
338,l075-01_suite_prelude,356,1897.5,89,0.067829486,-0.430037051,percentage_resonances_5,0.944426165,percentage_resonances_entropy_5,0.31709641,moments_of_inertia_5,0.065109259
339,l075-02_suite_menuet,312,1897.5,104,0.08949973,-0.290015853,percentage_resonances_5,0.843870968,percentage_resonances_entropy_5,0.312087683,moments_of_inertia_5,0.05138068
340,l075-03_suite_clair,324,1897.5,72,0.07421418,-0.519802147,percentage_resonances_5,0.920797809,percentage_resonances_entropy_5,0.158755325,moments_of_inertia_5,0.087023506
341,l075-04_suite_passepied,624,1897.5,156,0.074544191,-0.371611465,percentage_resonances_5,0.86647426,percentage_resonances_entropy_5,0.186355674,moments_of_inertia_5,0.057582892
342,l082_nocturne,355,1892,77,0.110881013,-0.350900226,percentage_resonances_5,0.227030604,percentage_resonances_entropy_5,0.025419616,moments_of_inertia_5,0.002421694
343,l087-01_images_lent,172,1894,57,0.117638182,-0.365664992,percentage_resonances_5,0.686654949,percentage_resonances_entropy_5,0.160994446,moments_of_inertia_5,0.049049471
344,l087-02_images_souvenir,216,1894,72,0.07313377,-0.450963052,percentage_resonances_5,0.945130316,percentage_resonances_entropy_5,0.425660925,moments_of_inertia_5,0.07477632
345,l087-03_images_quelques,677,1894,186,0.114913102,-0.273810732,percentage_resonances_5,0.599591123,percentage_resonances_entropy_5,0.091514382,moments_of_inertia_5,0.02489556
346,l095-01_pour_prelude,536.12,1901,163,0.123770379,-0.293032799,percentage_resonances_5,0.268641914,percentage_resonances_entropy_5,0.014155709,moments_of_inertia_5,0.005601592
347,l095-02_pour_sarabande,216,1894,72,0.071691455,-0.446614783,percentage_resonances_5,0.951860425,percentage_resonances_entropy_5,0.447986263,moments_of_inertia_5,0.074420196
348,l095-03_pour_toccata,532,1901,266,0.140501027,-0.154090716,percentage_resonances_5,0.562652282,percentage_resonances_entropy_5,0.091302504,moments_of_inertia_5,0.011911085
349,l099_cahier,202,1903,55,0.122250455,-0.381715374,percentage_resonances_5,0.703497438,percentage_resonances_entropy_5,0.233617583,moments_of_inertia_5,0.050335904
350,l100-01_estampes_pagode,388,1903,98,0.060623478,-0.671310776,percentage_resonances_5,0.968753321,percentage_resonances_entropy_5,0.421012996,moments_of_inertia_5,0.11459732
351,l100-02_estampes_soiree,280,1903,136,0.098386121,-0.325597871,percentage_resonances_5,0.814121093,percentage_resonances_entropy_5,0.253900681,moments_of_inertia_5,0.058631705
352,l100-03_estampes_jardins,631,1903,157,0.112713101,-0.356619785,percentage_resonances_5,0.103259767,percentage_resonances_entropy_5,0.011213389,moments_of_inertia_5,0.00121273
353,l105_masques,1143,1904,381,0.112867794,-0.333313287,percentage_resonances_5,0.110014245,percentage_resonances_entropy_5,0.007830658,moments_of_inertia_5,0.001936504
354,l106_isle,458.25,1904,255,0.131279372,-0.247348526,percentage_resonances_5,0.308213039,percentage_resonances_entropy_5,0.071345396,moments_of_inertia_5,0.011760261
355,l108_morceau,54,1904,27,0.157808162,-0.428694517,percentage_resonances_5,0.53755785,percentage_resonances_entropy_5,0.100444373,moments_of_inertia_5,0.043867527
356,l110-01_images_reflets,189.5,1904,95,0.110919184,-0.383634021,percentage_resonances_5,0.646038781,percentage_resonances_entropy_5,0.150929155,moments_of_inertia_5,0.047994879
357,l110-02_images_hommage,452,1904,76,0.132685529,-0.290989742,percentage_resonances_5,0.230254914,percentage_resonances_entropy_5,0.024908842,moments_of_inertia_5,0.008048345
358,l110-03_images_mouvement,354,1905,177,0.122508697,-0.377679088,percentage_resonances_5,0.399698256,percentage_resonances_entropy_5,0.083018757,moments_of_inertia_5,0.015862111
359,l111-01_images_cloches,224,1907,50,0.126146196,-0.409322238,percentage_resonances_5,0.144810268,percentage_resonances_entropy_5,0.029405937,moments_of_inertia_5,0.002431229
360,l111-02_images_lune,228,1907,57,0.155686413,-0.301855483,percentage_resonances_5,0.21114324,percentage_resonances_entropy_5,0.016478445,moments_of_inertia_5,0.005284565
361,l111-03_images_poissons,306.5,1907,106,0.154820922,-0.214118353,percentage_resonances_5,0.385128755,percentage_resonances_entropy_5,0.102821237,moments_of_inertia_5,0.010900921
362,l113-01_childrens_doctor,304,1907,76,0.137631921,-0.334617135,percentage_resonances_5,0.609860818,percentage_resonances_entropy_5,0.067206,moments_of_inertia_5,0.036774934
363,l113-02_childrens_jimbos,324,1907,81,0.123306085,-0.352644967,percentage_resonances_5,0.612629924,percentage_resonances_entropy_5,0.108499046,moments_of_inertia_5,0.039406998
364,l113-03_childrens_serenade,372,1908,124,0.125702928,-0.286182035,percentage_resonances_5,0.458300232,percentage_resonances_entropy_5,0.170740432,moments_of_inertia_5,0.025549172
365,l113-04_childrens_snow,292,1907,74,0.132694117,-0.366092006,percentage_resonances_5,0.055451304,percentage_resonances_entropy_5,0.006193957,moments_of_inertia_5,0.000182162
366,l113-05_childrens_little,124,1907,31,0.139046112,-0.329166105,percentage_resonances_5,0.63371488,percentage_resonances_entropy_5,0.183259937,moments_of_inertia_5,0.047321614
367,l113-06_childrens_golliwoggs,256,1907,128,0.079030744,-0.359728432,percentage_resonances_5,0.917370242,percentage_resonances_entropy_5,0.155967084,moments_of_inertia_5,0.060653959
368,l114_petit,174,1909,87,0.081282424,-0.366005341,percentage_resonances_5,0.926740653,percentage_resonances_entropy_5,0.369770328,moments_of_inertia_5,0.066297512
369,l115_hommage,216,1909,118,0.099715918,-0.469081758,percentage_resonances_5,0.794624486,percentage_resonances_entropy_5,0.230948289,moments_of_inertia_5,0.076163639
370,l117-01_preludes_danseuses,97,1909,31,0.106227562,-0.445656,percentage_resonances_5,0.843532986,percentage_resonances_entropy_5,0.306871252,moments_of_inertia_5,0.074838709
371,l117-02_preludes_voiles,128,1909,64,0.074875576,-0.808445594,percentage_resonances_5,0.045260091,percentage_resonances_entropy_5,0.007859343,moments_of_inertia_5,0.000549833
372,l117-03_preludes_vent,236,1909,59,0.150632833,-0.296865351,percentage_resonances_5,0.347206263,percentage_resonances_entropy_5,0.07729352,moments_of_inertia_5,0.021786645
373,l117-04_preludes_sons,181.5,1910,53,0.140310993,-0.291511303,percentage_resonances_5,0.037012438,percentage_resonances_entropy_5,0.004449066,moments_of_inertia_5,0.000216063
374,l117-05_preludes_collines,256,1909,96,0.074929421,-0.586394687,percentage_resonances_5,0.913726807,percentage_resonances_entropy_5,0.269540038,moments_of_inertia_5,0.100682399
375,l117-06_preludes_pas,142,1909,36,0.113571343,-0.604289567,percentage_resonances_5,0.042253521,percentage_resonances_entropy_5,0.010978078,moments_of_inertia_5,0.000282528
376,l117-07_preludes_ce,272,1909.5,77,0.096188154,-0.365103074,percentage_resonances_5,0.00602833,percentage_resonances_entropy_5,0.000242378,moments_of_inertia_5,5.79E-06
377,l117-08_preludes_fille,117,1910,39,0.117868462,-0.570816007,percentage_resonances_5,0.774291115,percentage_resonances_entropy_5,0.484024325,moments_of_inertia_5,0.085601241
378,l117-09_preludes_serenade,209.5,1909.5,137,0.135017933,-0.328090496,percentage_resonances_5,0.090382546,percentage_resonances_entropy_5,0.024886251,moments_of_inertia_5,0.001175364
379,l117-10_preludes_cathedrale,534,1909.5,89,0.130193197,-0.315984844,percentage_resonances_5,0.480830186,percentage_resonances_entropy_5,0.139647937,moments_of_inertia_5,0.015451606
380,l117-11_preludes_danse,199,1910,96,0.136104399,-0.32429085,percentage_resonances_5,0.112421403,percentage_resonances_entropy_5,0.02461856,moments_of_inertia_5,0.001041149
381,l117-12_preludes_minstrels,178,1910,89,0.15972726,-0.27842977,percentage_resonances_5,0.496089885,percentage_resonances_entropy_5,0.080908558,moments_of_inertia_5,0.024477638
382,l121_plus,444,1910,148,0.0778311,-0.299530214,percentage_resonances_5,0.892447077,percentage_resonances_entropy_5,0.307383774,moments_of_inertia_5,0.049554827
383,l123-01_preludes_brouillards,105,1911,52,0.152230129,-0.448276787,percentage_resonances_5,0.034104308,percentage_resonances_entropy_5,0.008556755,moments_of_inertia_5,0.000108574
384,l123-02_preludes_feuilles,127,1911,52,0.135928465,-0.426106694,percentage_resonances_5,0.05976812,percentage_resonances_entropy_5,0.00674955,moments_of_inertia_5,0.000829476
385,l123-03_preludes_puerta,180,1911,90,0.087613514,-0.48753182,percentage_resonances_5,0.061483724,percentage_resonances_entropy_5,0.017334542,moments_of_inertia_5,0.000363311
386,l123-04_preludes_fees,190.75,1911,127,0.119811283,-0.491059865,percentage_resonances_5,0.181108033,percentage_resonances_entropy_5,0.036814789,moments_of_inertia_5,0.003358816
387,l123-05_preludes_bruyeres,155,1911,51,0.079415914,-0.46747852,percentage_resonances_5,0.935573001,percentage_resonances_entropy_5,0.439014069,moments_of_inertia_5,0.078730301
388,l123-06_preludes_general,218.5,1911,110,0.087856014,-0.402818392,percentage_resonances_5,0.071651553,percentage_resonances_entropy_5,0.009113197,moments_of_inertia_5,0.000308383
389,l123-07_preludes_terrasse,134,1911,45,0.107629014,-0.35757226,percentage_resonances_5,0.011419526,percentage_resonances_entropy_5,0.001489059,moments_of_inertia_5,1.06E-05
390,l123-08_preludes_ondine,225,1911,74,0.120927575,-0.626833462,percentage_resonances_5,0.082948023,percentage_resonances_entropy_5,0.017857527,moments_of_inertia_5,0.00178139
391,l123-09_preludes_hommage,162,1911,54,0.076734893,-0.485598798,percentage_resonances_5,0.950083829,percentage_resonances_entropy_5,0.463055634,moments_of_inertia_5,0.086170323
392,l123-10_preludes_canope,132,1911,33,0.1208452,-0.390881602,percentage_resonances_5,0.669424859,percentage_resonances_entropy_5,0.147295045,moments_of_inertia_5,0.053062093
393,l123-11_preludes_tierces,330,1911,165,0.123334802,-0.218062974,percentage_resonances_5,0.623830157,percentage_resonances_entropy_5,0.056804088,moments_of_inertia_5,0.027997992
394,l123-12_preludes_feux,206.25,1911,100,0.187328882,-0.17829523,percentage_resonances_5,0.042054657,percentage_resonances_entropy_5,0.006801993,moments_of_inertia_5,0.000179815
395,l132_berceuse,272,1914,68,0.119462646,-0.303917564,percentage_resonances_5,0.615700692,percentage_resonances_entropy_5,0.077895598,moments_of_inertia_5,0.040300131
396,l133_page,114,1915,38,0.145438401,-0.428712524,percentage_resonances_5,0.182825485,percentage_resonances_entropy_5,0.043288032,moments_of_inertia_5,0.005209628
397,l136-01_etudes_cinq,317,1915,116,0.142508816,-0.243944047,percentage_resonances_5,0.479210062,percentage_resonances_entropy_5,0.094834506,moments_of_inertia_5,0.017728042
398,l136-02_etudes_tierces,304,1915,80,0.098287233,-0.301315398,percentage_resonances_5,0.685833622,percentage_resonances_entropy_5,0.171937303,moments_of_inertia_5,0.04071714
399,l136-03_etudes_quartes,252,1915,85,0.101520974,-0.253183841,percentage_resonances_5,0.821024,percentage_resonances_entropy_5,0.111838707,moments_of_inertia_5,0.036868446
400,l136-04_etudes_sixtes,179,1915,59,0.14537751,-0.265619238,percentage_resonances_5,0.318342124,percentage_resonances_entropy_5,0.073744755,moments_of_inertia_5,0.012833753
401,l136-05_etudes_octaves,181.5,1915,121,0.15858014,-0.170033744,percentage_resonances_5,0.400903513,percentage_resonances_entropy_5,0.065054435,moments_of_inertia_5,0.009538884
402,l136-06_etudes_huit,146,1915,69,0.157703257,-0.177980171,percentage_resonances_5,0.400570749,percentage_resonances_entropy_5,0.03372763,moments_of_inertia_5,0.01404681
403,l136-07_etudes_degres,176,1915,88,0.151199369,-0.227299522,percentage_resonances_5,0.036767347,percentage_resonances_entropy_5,0.003522863,moments_of_inertia_5,7.55E-05
404,l136-08_etudes_agrements,151,1915,62,0.157621676,-0.186436144,percentage_resonances_5,0.462591775,percentage_resonances_entropy_5,0.126900007,moments_of_inertia_5,0.009283698
405,l136-09_etudes_notes,336,1915,85,0.160727621,-0.170045402,percentage_resonances_5,0.024925827,percentage_resonances_entropy_5,0.001758909,moments_of_inertia_5,0.000112378
406,l136-10_etudes_sonorites,277.5,1915,75,0.14688541,-0.26794584,percentage_resonances_5,0.228637234,percentage_resonances_entropy_5,0.03561468,moments_of_inertia_5,0.006910972
407,l136-11_etudes_arpeges,201,1915,67,0.077301531,-0.391397701,percentage_resonances_5,0.943511527,percentage_resonances_entropy_5,0.320892829,moments_of_inertia_5,0.065433906
408,l136-12_etudes_accords,308,1915,182,0.130134427,-0.289838563,percentage_resonances_5,0.267971013,percentage_resonances_entropy_5,0.049022662,moments_of_inertia_5,0.006795454
409,l138_elegie,83,1915,21,0.13497376,-0.392373282,percentage_resonances_5,0.748149223,percentage_resonances_entropy_5,0.2478303,moments_of_inertia_5,0.069829267
410,l000_etude,284,1915,73,0.130531953,-0.332186162,percentage_resonances_6,0.003967467,percentage_resonances_entropy_6,0.00058724,moments_of_inertia_6,2.60E-05
411,l000_soirs,92,1917,23,0.15389629,-0.422059901,percentage_resonances_6,0.039893953,percentage_resonances_entropy_6,0.009157371,moments_of_inertia_6,0.000382524
412,l009_danse,184,1880,92,0.091874137,-0.426778867,percentage_resonances_6,0.000895817,percentage_resonances_entropy_6,0.000145218,moments_of_inertia_6,5.83E-08
413,l066-01_arabesques_premiere,426,1888,107,0.085411954,-0.430629098,percentage_resonances_6,0.002257879,percentage_resonances_entropy_6,0.000263363,moments_of_inertia_6,2.94E-07
414,l066-02_arabesques_deuxieme,440,1891,110,0.083544512,-0.371912031,percentage_resonances_6,0.097293278,percentage_resonances_entropy_6,0.010527167,moments_of_inertia_6,0.001940579
415,l067_mazurka,414,1890,138,0.103514731,-0.460649669,percentage_resonances_6,0.000398666,percentage_resonances_entropy_6,2.50E-05,moments_of_inertia_6,2.98E-09
416,l068_reverie,403,1890,101,0.088607773,-0.30317382,percentage_resonances_6,0.003374197,percentage_resonances_entropy_6,0.000433533,moments_of_inertia_6,3.18E-06
417,l069_tarentelle,999,1890,333,0.102074287,-0.34418201,percentage_resonances_6,0.001281679,percentage_resonances_entropy_6,8.90E-05,moments_of_inertia_6,1.02E-07
418,l070_ballade,420,1890,105,0.125145968,-0.227159353,percentage_resonances_6,0.00239229,percentage_resonances_entropy_6,0.000360055,moments_of_inertia_6,5.57E-07
419,l071_valse,453,1890,151,0.112476451,-0.401019614,percentage_resonances_6,0.001681408,percentage_resonances_entropy_6,9.52E-05,moments_of_inertia_6,3.04E-07
420,l075-01_suite_prelude,356,1897.5,89,0.067829486,-0.430037051,percentage_resonances_6,0.000658058,percentage_resonances_entropy_6,0.000163698,moments_of_inertia_6,2.75E-08
421,l075-02_suite_menuet,312,1897.5,104,0.08949973,-0.290015853,percentage_resonances_6,0.011425598,percentage_resonances_entropy_6,0.001213206,moments_of_inertia_6,2.14E-05
422,l075-03_suite_clair,324,1897.5,72,0.07421418,-0.519802147,percentage_resonances_6,0.001176652,percentage_resonances_entropy_6,7.77E-05,moments_of_inertia_6,1.33E-07
423,l075-04_suite_passepied,624,1897.5,156,0.074544191,-0.371611465,percentage_resonances_6,0.004750532,percentage_resonances_entropy_6,0.000554359,moments_of_inertia_6,4.18E-06
424,l082_nocturne,355,1892,77,0.110881013,-0.350900226,percentage_resonances_6,0.007554236,percentage_resonances_entropy_6,0.000434099,moments_of_inertia_6,7.86E-06
425,l087-01_images_lent,172,1894,57,0.117638182,-0.365664992,percentage_resonances_6,0.004326663,percentage_resonances_entropy_6,0.001287417,moments_of_inertia_6,8.31E-07
426,l087-02_images_souvenir,216,1894,72,0.07313377,-0.450963052,percentage_resonances_6,0.00308642,percentage_resonances_entropy_6,0.000571786,moments_of_inertia_6,9.52E-07
427,l087-03_images_quelques,677,1894,186,0.114913102,-0.273810732,percentage_resonances_6,0.144088635,percentage_resonances_entropy_6,0.019280651,moments_of_inertia_6,0.007772849
428,l095-01_pour_prelude,536.12,1901,163,0.123770379,-0.293032799,percentage_resonances_6,0.505012675,percentage_resonances_entropy_6,0.029937561,moments_of_inertia_6,0.029780382
429,l095-02_pour_sarabande,216,1894,72,0.071691455,-0.446614783,percentage_resonances_6,0.00308642,percentage_resonances_entropy_6,0.000597916,moments_of_inertia_6,9.49E-07
430,l095-03_pour_toccata,532,1901,266,0.140501027,-0.154090716,percentage_resonances_6,0.029734609,percentage_resonances_entropy_6,0.003087059,moments_of_inertia_6,0.00033358
431,l099_cahier,202,1903,55,0.122250455,-0.381715374,percentage_resonances_6,0.070097275,percentage_resonances_entropy_6,0.015903207,moments_of_inertia_6,0.000569421
432,l100-01_estampes_pagode,388,1903,98,0.060623478,-0.671310776,percentage_resonances_6,0.000278988,percentage_resonances_entropy_6,7.80E-05,moments_of_inertia_6,2.14E-09
433,l100-02_estampes_soiree,280,1903,136,0.098386121,-0.325597871,percentage_resonances_6,0.030138359,percentage_resonances_entropy_6,0.006735679,moments_of_inertia_6,8.61E-05
434,l100-03_estampes_jardins,631,1903,157,0.112713101,-0.356619785,percentage_resonances_6,0.019382125,percentage_resonances_entropy_6,0.001319399,moments_of_inertia_6,2.42E-05
435,l105_masques,1143,1904,381,0.112867794,-0.333313287,percentage_resonances_6,0.329176263,percentage_resonances_entropy_6,0.042931943,moments_of_inertia_6,0.009031275
436,l106_isle,458.25,1904,255,0.131279372,-0.247348526,percentage_resonances_6,0.135600008,percentage_resonances_entropy_6,0.021175662,moments_of_inertia_6,0.001351121
437,l108_morceau,54,1904,27,0.157808162,-0.428694517,percentage_resonances_6,0.306158775,percentage_resonances_entropy_6,0.118861883,moments_of_inertia_6,0.006813608
438,l110-01_images_reflets,189.5,1904,95,0.110919184,-0.383634021,percentage_resonances_6,0.221939058,percentage_resonances_entropy_6,0.05666752,moments_of_inertia_6,0.007715047
439,l110-02_images_hommage,452,1904,76,0.132685529,-0.290989742,percentage_resonances_6,0.035887697,percentage_resonances_entropy_6,0.003563498,moments_of_inertia_6,0.000239836
440,l110-03_images_mouvement,354,1905,177,0.122508697,-0.377679088,percentage_resonances_6,0.390854593,percentage_resonances_entropy_6,0.044449126,moments_of_inertia_6,0.02605404
441,l111-01_images_cloches,224,1907,50,0.126146196,-0.409322238,percentage_resonances_6,0.096779337,percentage_resonances_entropy_6,0.028119242,moments_of_inertia_6,0.001681489
442,l111-02_images_lune,228,1907,57,0.155686413,-0.301855483,percentage_resonances_6,0.081391061,percentage_resonances_entropy_6,0.005364805,moments_of_inertia_6,0.000773241
443,l111-03_images_poissons,306.5,1907,106,0.154820922,-0.214118353,percentage_resonances_6,0.269201795,percentage_resonances_entropy_6,0.058703108,moments_of_inertia_6,0.012539243
444,l113-01_childrens_doctor,304,1907,76,0.137631921,-0.334617135,percentage_resonances_6,0.093111555,percentage_resonances_entropy_6,0.00825197,moments_of_inertia_6,0.003115091
445,l113-02_childrens_jimbos,324,1907,81,0.123306085,-0.352644967,percentage_resonances_6,0.151493095,percentage_resonances_entropy_6,0.019187137,moments_of_inertia_6,0.003613215
446,l113-03_childrens_serenade,372,1908,124,0.125702928,-0.286182035,percentage_resonances_6,0.070102236,percentage_resonances_entropy_6,0.02310507,moments_of_inertia_6,0.001222829
447,l113-04_childrens_snow,292,1907,74,0.132694117,-0.366092006,percentage_resonances_6,0.370965472,percentage_resonances_entropy_6,0.07408164,moments_of_inertia_6,0.027408163
448,l113-05_childrens_little,124,1907,31,0.139046112,-0.329166105,percentage_resonances_6,0.006503642,percentage_resonances_entropy_6,0.001011624,moments_of_inertia_6,5.32E-06
449,l113-06_childrens_golliwoggs,256,1907,128,0.079030744,-0.359728432,percentage_resonances_6,0.014117647,percentage_resonances_entropy_6,0.002101062,moments_of_inertia_6,8.93E-05
450,l114_petit,174,1909,87,0.081282424,-0.366005341,percentage_resonances_6,0.004359889,percentage_resonances_entropy_6,0.000633547,moments_of_inertia_6,5.02E-06
451,l115_hommage,216,1909,118,0.099715918,-0.469081758,percentage_resonances_6,0.068715706,percentage_resonances_entropy_6,0.019244616,moments_of_inertia_6,0.000715139
452,l117-01_preludes_danseuses,97,1909,31,0.106227562,-0.445656,percentage_resonances_6,0.044270833,percentage_resonances_entropy_6,0.006441135,moments_of_inertia_6,0.000230085
453,l117-02_preludes_voiles,128,1909,64,0.074875576,-0.808445594,percentage_resonances_6,0.949097898,percentage_resonances_entropy_6,0.317616139,moments_of_inertia_6,0.14613534
454,l117-03_preludes_vent,236,1909,59,0.150632833,-0.296865351,percentage_resonances_6,0.052607009,percentage_resonances_entropy_6,0.011140904,moments_of_inertia_6,0.000368401
455,l117-04_preludes_sons,181.5,1910,53,0.140310993,-0.291511303,percentage_resonances_6,0.168457916,percentage_resonances_entropy_6,0.028681121,moments_of_inertia_6,0.005285737
456,l117-05_preludes_collines,256,1909,96,0.074929421,-0.586394687,percentage_resonances_6,0.001556396,percentage_resonances_entropy_6,0.000348841,moments_of_inertia_6,2.24E-07
457,l117-06_preludes_pas,142,1909,36,0.113571343,-0.604289567,percentage_resonances_6,0.098293989,percentage_resonances_entropy_6,0.024452439,moments_of_inertia_6,0.00214202
458,l117-07_preludes_ce,272,1909.5,77,0.096188154,-0.365103074,percentage_resonances_6,0.347858997,percentage_resonances_entropy_6,0.073178261,moments_of_inertia_6,0.010840064
459,l117-08_preludes_fille,117,1910,39,0.117868462,-0.570816007,percentage_resonances_6,0.000302457,percentage_resonances_entropy_6,0.000130818,moments_of_inertia_6,6.86E-09
460,l117-09_preludes_serenade,209.5,1909.5,137,0.135017933,-0.328090496,percentage_resonances_6,0.010668254,percentage_resonances_entropy_6,0.002280147,moments_of_inertia_6,1.71E-05
461,l117-10_preludes_cathedrale,534,1909.5,89,0.130193197,-0.315984844,percentage_resonances_6,0.002301307,percentage_resonances_entropy_6,0.000476497,moments_of_inertia_6,8.58E-06
462,l117-11_preludes_danse,199,1910,96,0.136104399,-0.32429085,percentage_resonances_6,0.599176788,percentage_resonances_entropy_6,0.108923359,moments_of_inertia_6,0.052623772
463,l117-12_preludes_minstrels,178,1910,89,0.15972726,-0.27842977,percentage_resonances_6,0.028025152,percentage_resonances_entropy_6,0.002632853,moments_of_inertia_6,0.000240048
464,l121_plus,444,1910,148,0.0778311,-0.299530214,percentage_resonances_6,0.020824656,percentage_resonances_entropy_6,0.005459446,moments_of_inertia_6,4.78E-05
465,l123-01_preludes_brouillards,105,1911,52,0.152230129,-0.448276787,percentage_resonances_6,0.001269841,percentage_resonances_entropy_6,0.00012469,moments_of_inertia_6,4.07E-06
466,l123-02_preludes_feuilles,127,1911,52,0.135928465,-0.426106694,percentage_resonances_6,0.182652365,percentage_resonances_entropy_6,0.031945791,moments_of_inertia_6,0.003622306
467,l123-03_preludes_puerta,180,1911,90,0.087613514,-0.48753182,percentage_resonances_6,0.007677663,percentage_resonances_entropy_6,0.002427815,moments_of_inertia_6,4.89E-06
468,l123-04_preludes_fees,190.75,1911,127,0.119811283,-0.491059865,percentage_resonances_6,0.557950139,percentage_resonances_entropy_6,0.157059908,moments_of_inertia_6,0.051570353
469,l123-05_preludes_bruyeres,155,1911,51,0.079415914,-0.46747852,percentage_resonances_6,0.000350862,percentage_resonances_entropy_6,9.92E-05,moments_of_inertia_6,1.92E-08
470,l123-06_preludes_general,218.5,1911,110,0.087856014,-0.402818392,percentage_resonances_6,0.004587059,percentage_resonances_entropy_6,0.000483872,moments_of_inertia_6,2.16E-06
471,l123-07_preludes_terrasse,134,1911,45,0.107629014,-0.35757226,percentage_resonances_6,0.046017299,percentage_resonances_entropy_6,0.004970367,moments_of_inertia_6,0.000201183
472,l123-08_preludes_ondine,225,1911,74,0.120927575,-0.626833462,percentage_resonances_6,0.087492028,percentage_resonances_entropy_6,0.017339564,moments_of_inertia_6,0.001823182
473,l123-09_preludes_hommage,162,1911,54,0.076734893,-0.485598798,percentage_resonances_6,0.003048316,percentage_resonances_entropy_6,0.000493816,moments_of_inertia_6,1.24E-06
474,l123-10_preludes_canope,132,1911,33,0.1208452,-0.390881602,percentage_resonances_6,0.192646116,percentage_resonances_entropy_6,0.031783887,moments_of_inertia_6,0.006868076
475,l123-11_preludes_tierces,330,1911,165,0.123334802,-0.218062974,percentage_resonances_6,0.108868174,percentage_resonances_entropy_6,0.008939335,moments_of_inertia_6,0.000753167
476,l123-12_preludes_feux,206.25,1911,100,0.187328882,-0.17829523,percentage_resonances_6,0.204765572,percentage_resonances_entropy_6,0.027616851,moments_of_inertia_6,0.003098706
477,l132_berceuse,272,1914,68,0.119462646,-0.303917564,percentage_resonances_6,0.084477725,percentage_resonances_entropy_6,0.008486899,moments_of_inertia_6,0.001587744
478,l133_page,114,1915,38,0.145438401,-0.428712524,percentage_resonances_6,0.025392428,percentage_resonances_entropy_6,0.006786771,moments_of_inertia_6,0.000152333
479,l136-01_etudes_cinq,317,1915,116,0.142508816,-0.243944047,percentage_resonances_6,0.043783048,percentage_resonances_entropy_6,0.003794086,moments_of_inertia_6,0.000620745
480,l136-02_etudes_tierces,304,1915,80,0.098287233,-0.301315398,percentage_resonances_6,0.005020776,percentage_resonances_entropy_6,0.000811179,moments_of_inertia_6,3.61E-06
481,l136-03_etudes_quartes,252,1915,85,0.101520974,-0.253183841,percentage_resonances_6,0.003168,percentage_resonances_entropy_6,0.000221095,moments_of_inertia_6,3.68E-06
482,l136-04_etudes_sixtes,179,1915,59,0.14537751,-0.265619238,percentage_resonances_6,0.318529384,percentage_resonances_entropy_6,0.051034532,moments_of_inertia_6,0.019039647
483,l136-05_etudes_octaves,181.5,1915,121,0.15858014,-0.170033744,percentage_resonances_6,0.015750435,percentage_resonances_entropy_6,0.002895847,moments_of_inertia_6,9.14E-05
484,l136-06_etudes_huit,146,1915,69,0.157703257,-0.177980171,percentage_resonances_6,0.011129608,percentage_resonances_entropy_6,0.001037146,moments_of_inertia_6,4.89E-06
485,l136-07_etudes_degres,176,1915,88,0.151199369,-0.227299522,percentage_resonances_6,0.237387755,percentage_resonances_entropy_6,0.030011449,moments_of_inertia_6,0.007511123
486,l136-08_etudes_agrements,151,1915,62,0.157621676,-0.186436144,percentage_resonances_6,0.080356741,percentage_resonances_entropy_6,0.01818533,moments_of_inertia_6,0.000515234
487,l136-09_etudes_notes,336,1915,85,0.160727621,-0.170045402,percentage_resonances_6,0.189126063,percentage_resonances_entropy_6,0.014726359,moments_of_inertia_6,0.002216496
488,l136-10_etudes_sonorites,277.5,1915,75,0.14688541,-0.26794584,percentage_resonances_6,0.003985301,percentage_resonances_entropy_6,0.000419606,moments_of_inertia_6,3.51E-06
489,l136-11_etudes_arpeges,201,1915,67,0.077301531,-0.391397701,percentage_resonances_6,0.01176738,percentage_resonances_entropy_6,0.002545999,moments_of_inertia_6,2.65E-05
490,l136-12_etudes_accords,308,1915,182,0.130134427,-0.289838563,percentage_resonances_6,0.009570393,percentage_resonances_entropy_6,0.001719741,moments_of_inertia_6,3.63E-06
491,l138_elegie,83,1915,21,0.13497376,-0.392373282,percentage_resonances_6,0.061257076,percentage_resonances_entropy_6,0.014162016,moments_of_inertia_6,0.000389249