corpus	fname	TimeSig	KeySig	last_mc	last_mn	length_qb	last_mc_unfolded	last_mn_unfolded	length_qb_unfolded	all_notes_qb	n_onsets	n_onset_positions	guitar_chord_count	form_label_count	label_count	composed_start	composed_end	composer	workTitle	movementNumber	movementTitle	workNumber	poet	lyricist	arranger	copyright	creationDate	mscVersion	platform	source	translator	title_text	subtitle_text	composer_text	musescore	ms3_version	subdirectory	rel_path	has_drumset	ambitus	typesetter	pdf	staff_1_instrument	staff_1_ambitus	staff_2_instrument	staff_2_ambitus	originalFormat	transcriber	staff_3_instrument	staff_3_ambitus	volta_mcs	part_name_text	text	lyricist_text	comments	comment	annotated_key	harmony_version	annotators	reviewers	composed_source	imslp	viaf	musicbrainz	wikidata
debussy_childrens_corner	l113-01_childrens_doctor	1: 4/4	1: 0, 33: -2, 37: -4, 45: 0	76	76	304.0	76	76	304.0	707.25	1259	1033	0	0	0	1906	1908	Claude Debussy									2022-01-26	3.02	Linux	https://musescore.com/nicolas/doctor-gradus-ad-parnassum		"<font face=""Times New Roman""/>Doctor Gradus ad Parnassum"		"<font face=""Times New Roman""/>Claude Debussy"	3.6.2	1.2.9	debussy_childrens_corner/MS3	debussy_childrens_corner/MS3/l113-01_childrens_doctor.mscx	0	24-89 (C1-F6)	https://musescore.com/nicolas		Piano	36-89 (C2-F6)	Piano	24-79 (C1-G5)																			
debussy_childrens_corner	l113-02_childrens_jimbos	1: 2/2	1: -2	81	81	324.0	81	81	324.0	1013.0	716	403	0	0	0	1906	1908	Claude Debussy									2022-01-26	3.02	Linux	https://musescore.com/nicolas/jimbos-lullaby		"<font face=""Times New Roman""/>Jimbo's Lullaby"		"<font face=""Times New Roman""/>Claude Debussy"	3.6.2	1.2.9	debussy_childrens_corner/MS3	debussy_childrens_corner/MS3/l113-02_childrens_jimbos.mscx	0	29-83 (F1-B5)	https://musescore.com/nicolas		Piano	41-83 (F2-B5)	Piano	29-61 (F1-Db4)																			
debussy_childrens_corner	l113-03_childrens_serenade	1: 3/4	1: 4	124	124	372.0	124	124	372.0	942.0	1283	580	0	0	0	1908	1908	Claude Debussy	Serenade for the Doll								2019-05-20	3.02	Microsoft Windows	https://musescore.com/user/29737597/scores/5703647		Serenade for the Doll	 (Serenade a la poupee)	Claude Debussy	3.6.2	1.2.9	debussy_childrens_corner/MS3	debussy_childrens_corner/MS3/l113-03_childrens_serenade.mscx	0	40-88 (E2-E6)	https://musescore.com/user/29737597		Piano	55-88 (G3-E6)	Piano	40-80 (E2-G#5)																			
debussy_childrens_corner	l113-04_childrens_snow	1: 4/4, 48: 2/4, 49: 4/4, 52: 2/4, 53: 4/4	1: -1	74	74	292.0	74	74	292.0	676.0	1411	1171	0	0	0	1906	1908										2022-03-09		Microsoft Windows			IV. The Snow is Dancing			3.6.2	1.2.9	debussy_childrens_corner/MS3	debussy_childrens_corner/MS3/l113-04_childrens_snow.mscx	0	36-93 (C2-A6)	tunescribers.com	https://imslp.org/wiki/Special:ReverseLookup/82215	Piano	58-93 (Bb3-A6)	Piano	36-86 (C2-D6)																			
debussy_childrens_corner	l113-05_childrens_little	1: 4/4	1: 3	31	31	124.0	31	31	124.0	391.5	336	221	0	0	0	1906	1908	Claude Debussy									2022-01-26	3.02	Linux	https://musescore.com/nicolas/the-little-shepherd		"<font face=""Times New Roman""/>The Little Shepherd"		"<font face=""Times New Roman""/>Claude Debussy"	3.6.2	1.2.9	debussy_childrens_corner/MS3	debussy_childrens_corner/MS3/l113-05_childrens_little.mscx	0	28-88 (E1-E6)	https://musescore.com/nicolas		Piano	56-88 (G#3-E6)	Piano	28-77 (E1-E#5)																			
debussy_childrens_corner	l113-06_childrens_golliwoggs	1: 2/4	1: -3, 47: -6, 90: -3	128	128	256.0	128	128	256.0	806.5	1320	539	0	0	0	1906	1908	Claude Debussy									2022-01-26	3.02	Linux	https://musescore.com/nicolas/golliwoggs-cakewalk		"<font face=""Times New Roman""/>Golliwogg's cakewalk"		"<font face=""Times New Roman""/>Claude Debussy"	3.6.2	1.2.9	debussy_childrens_corner/MS3	debussy_childrens_corner/MS3/l113-06_childrens_golliwoggs.mscx	0	22-94 (Bb0-Bb6)	https://musescore.com/nicolas		Piano	41-94 (F2-Bb6)	Piano	22-71 (Bb0-Cb5)																			
debussy_deux_arabesques	l066-01_arabesques_premiere	1: 4/4, 94: 2/4, 95: 4/4	1: 4, 39: 3, 71: 4	107	107	426.0	107	107	426.0	1207.83	1484	1018	0	0	0	1888	1888	Claude Debussy	Premiere Arabesque								2018-04-28		Microsoft Windows	http://musescore.com/user/24069/scores/5077352		Première Arabesque		"Claude Debussy
L. 66, No. 1     "	3.6.2	1.2.9	debussy_deux_arabesques/MS3	debussy_deux_arabesques/MS3/l066-01_arabesques_premiere.mscx	0	28-92 (E1-G#6)	https://musescore.com/hmscomp	https://imslp.org/wiki/Special:ReverseLookup/2821	Piano	50-92 (D3-G#6)	Piano	28-83 (E1-B5)																			
debussy_deux_arabesques	l066-02_arabesques_deuxieme	1: 4/4	1: 1	110	110	440.0	110	110	440.0	1222.0	1810	1048	0	0	0	1891	1891	Claude Debussy									2022-01-31		Microsoft Windows	https://musescore.com/classicman/scores/110108		"<font size=""24""/>Deuxième Arabesque"		"<font size=""12""/>Claude Debussy"	3.6.2	1.2.9	debussy_deux_arabesques/MS3	debussy_deux_arabesques/MS3/l066-02_arabesques_deuxieme.mscx	0	29-93 (F1-A6)	https://musescore.com/classicman	https://imslp.org/wiki/2_Arabesques_(Debussy,_Claude)#IMSLP02821	Piano	41-93 (F2-A6)	Piano	29-81 (F1-A5)	mxl																		
debussy_estampes	l100-01_estampes_pagode	1: 4/4, 92: 2/4, 93: 4/4, 94: 2/4, 95: 4/4	1: 5	98	98	388.0	98	98	388.0	1913.08	2733	1486	0	0	0	1903	1903	Claude Debussy									2020-11-14	3.02	Microsoft Windows	http://musescore.com/user/2749876/scores/7325573		"<b><font size=""28""/><font face=""Arial""/>E S T A M P E S</b>"	"<b><font size=""10""/><font face=""Georgia""/>Claude DEBUSSY</b>; <font face=""Georgia""/>I. Pagodes"		3.6.2	1.2.9	debussy_estampes/MS3	debussy_estampes/MS3/l100-01_estampes_pagode.mscx	0	23-99 (B0-D#7)	https://musescore.com/user/2749876		Piano	47-99 (B2-D#7)	Piano	23-80 (B0-G#5)																			
debussy_estampes	l100-02_estampes_soiree	1: 2/4, 109: 3/4, 113: 2/4, 115: 3/4, 119: 2/4	1: 3, 67: 6, 92: 3, 113: 6, 115: 3, 134: 1	136	136	280.0	136	136	280.0	1458.42	2410	835	0	0	0	1903	1903	Claude Debussy	La soirée dans Grenade			L100				Oli 2021	2021-01-06	3.02	Apple Macintosh	http://musescore.com/user/4887176/scores/6540482		II. La soirée dans Grenade	Estampes 	Debussy, Claude 	3.6.2	1.2.9	debussy_estampes/MS3	debussy_estampes/MS3/l100-02_estampes_soiree.mscx	0	25-97 (C#1-C#7)	https://musescore.com/user/4887176		Piano	37-97 (C#2-C#7)	Piano	25-83 (C#1-B5)			Piano	28-54 (E1-F#3)															
debussy_estampes	l100-03_estampes_jardins	1: 2/2	1: 1, 27: 6, 31: 3, 37: 0, 43: -3, 56: 0, 71: 7, 100: 0, 126: 5	157	157	631.0	157	157	631.0	1680.83	2815	2129	0	0	0	1903	1903	Claude Debussy	Estampes	III	 Jardins sous la pluie					"Creative Commons copyright waiver (CC0 1.0 Universal)
"	2021-10-15		Microsoft Windows	http://musescore.com/user/202809/scores/6875432		III. Jardins sous la pluie	Estampes	Claude debussy  (1862 - 1918)	3.6.2	1.2.9	debussy_estampes/MS3	debussy_estampes/MS3/l100-03_estampes_jardins.mscx	0	28-95 (E1-B6)	https://musescore.com/user/202809		Piano	30-95 (F#1-B6)	Piano	28-88 (E1-E6)		"Vinckeenbosch from IMSLP #256285.
 https://imslp.org/wiki/Estampes_(Debussy%2C_Claude)"																	
debussy_etudes	l136-01_etudes_cinq	1: 4/4, 6: 2/4, 7: 6/16, 11: 4/4, 17: 6/16, 21: 3/8, 27: 12/16, 97: 2/4	1: 0, 48: -7, 56: 0, 75: -4, 90: 0, 111: -5, 113: 0	116	116	317.0	116	116	317.0	682.37	2067	1354	0	0	0	1915	1915	Claude Debussy	Étude no.1: pour les cinq doigts								2021-08-13		Microsoft Windows	http://musescore.com/user/36526887/scores/6959034		Étude no.1: pour les cinq doigts	D'après Monsieur Czerny	C. DEBUSSY	3.6.2	1.2.9	debussy_etudes/MS3	debussy_etudes/MS3/l136-01_etudes_cinq.mscx	0	24-95 (C1-B6)	https://musescore.com/user/36526887	https://imslp.org/wiki/Special:ReverseLookup/246285	Piano	31-95 (G1-B6)	Piano	24-84 (C1-C6)																			
debussy_etudes	l136-02_etudes_tierces	1: 4/4	1: -5, 9: 0, 14: -5, 31: 4, 35: -5, 42: 0, 49: -5, 57: 0, 63: -5	80	76	304.0	80	76	304.0	1271.42	3336	1159	0	0	0	1915	1915										2022-02-16		Microsoft Windows			Pour les Tierces			3.6.2	1.2.9	debussy_etudes/MS3	debussy_etudes/MS3/l136-02_etudes_tierces.mscx	0	26-94 (D1-Bb6)	tunescribers.com	https://imslp.org/wiki/Special:ReverseLookup/246285	Piano	45-94 (Bbb2-Bb6)	Piano	26-92 (D1-Ab6)																			
debussy_etudes	l136-03_etudes_quartes	1: 6/8, 7: 3/4, 13: 6/8, 19: 3/8, 20: 6/8, 22: 3/8, 23: 6/8, 25: 3/4	1: -1, 29: -6, 46: 3, 49: 0, 65: -1	85	85	252.0	85	85	252.0	969.83	1586	677	0	0	0	1915	1915										2022-02-28		Microsoft Windows			Pour les Quartes			3.6.2	1.2.9	debussy_etudes/MS3	debussy_etudes/MS3/l136-03_etudes_quartes.mscx	0	29-92 (F1-Ab6)			Piano	36-92 (C2-Ab6)	Piano	29-82 (F1-Bb5)																			
debussy_etudes	l136-04_etudes_sixtes	1: 3/4, 18: 4/4, 19: 3/4, 42: 4/4, 43: 3/4, 56: 2/4, 57: 3/4	1: -5, 21: -1, 27: -6, 30: -3, 32: 1, 33: -6, 38: -1, 46: -5	59	59	179.0	59	59	179.0	680.08	1734	614	0	0	0	1915	1915		Pour les Sixtes								2022-03-02		Microsoft Windows			Pour les Sixtes			3.6.2	1.2.9	debussy_etudes/MS3	debussy_etudes/MS3/l136-04_etudes_sixtes.mscx	0	25-94 (Db1-Bb6)			Piano	48-94 (C3-Bb6)	Piano	25-77 (Db1-F5)																			
debussy_etudes	l136-05_etudes_octaves	1: 3/8	1: 4, 11: 0, 13: 4, 15: 0, 21: 4, 23: -3, 29: 0, 33: -3, 49: -5, 59: 4, 68: -5, 83: 4, 93: -4, 95: 0, 109: 4, 115: 0, 119: 4	121	121	181.5	121	121	181.5	595.83	2046	831	0	0	0	1915	1915		Pour les Octaves								2022-03-02		Microsoft Windows			Pour les Octaves			3.6.2	1.2.9	debussy_etudes/MS3	debussy_etudes/MS3/l136-05_etudes_octaves.mscx	0	24-95 (C1-B6)	tunescribers.com	https://imslp.org/wiki/Special:ReverseLookup/246285	Piano	29-95 (F1-B6)	Piano	24-79 (C1-G5)																			
debussy_etudes	l136-06_etudes_huit	1: 3/4, 2: 2/4, 4: 3/4, 5: 2/4, 43: 3/4, 44: 2/4, 46: 3/4, 47: 2/4, 55: 3/4, 61: 2/4	1: -6, 13: -3, 29: 0, 33: -6	69	68	146.0	69	68	146.0	175.25	1389	1206	0	0	0	1915	1915										2022-02-16		Microsoft Windows			Pour les huit doigts			3.6.2	1.2.9	debussy_etudes/MS3	debussy_etudes/MS3/l136-06_etudes_huit.mscx	0	30-90 (Gb1-Gb6)			Piano	37-90 (Db2-Gb6)	Piano	30-89 (Gb1-F6)																			
debussy_etudes	l136-07_etudes_degres	1: 2/4	1: 0	88	88	176.0	88	88	176.0	567.5	1953	1301	0	0	0	1915	1915										2022-02-18		Microsoft Windows			Pour les degrés chromatiques			3.6.2	1.2.9	debussy_etudes/MS3	debussy_etudes/MS3/l136-07_etudes_degres.mscx	0	27-94 (Eb1-Bb6)	tunescribers.com	https://imslp.org/wiki/Special:ReverseLookup/246285	Piano	46-94 (Bb2-Bb6)	Piano	27-88 (Eb1-E6)																			
debussy_etudes	l136-08_etudes_agrements	1: 6/8, 8: 2/4, 10: 6/8, 28: 3/8, 29: 6/8, 42: 5/8, 44: 6/8, 47: 3/8, 48: 6/8, 56: 2/4, 58: 6/8	1: -1, 10: -6, 12: -1, 13: 0, 20: 3, 27: 0, 32: 3, 35: 0, 40: 5, 43: -4, 46: 4, 49: -1	62	52	151.0	62	54	151.0	496.27	2135	1144	0	0	0	1915	1915		Pour les agréments								2022-03-05		Microsoft Windows			Pour les agréments			3.6.2	1.2.9	debussy_etudes/MS3	debussy_etudes/MS3/l136-08_etudes_agrements.mscx	0	28-95 (E1-B6)			Piano	36-95 (C2-B6)	Piano	28-86 (E1-D6)																			
debussy_etudes	l136-09_etudes_notes	1: 4/4	1: 1, 28: 0, 50: 1, 59: 4, 63: 0, 67: 1	85	84	336.0	85	84	336.0	734.62	2026	1262	0	0	0	1915	1915										2022-02-20		Microsoft Windows			Pour les notes répétées			3.6.2	1.2.9	debussy_etudes/MS3	debussy_etudes/MS3/l136-09_etudes_notes.mscx	0	27-94 (Eb1-Bb6)	tunescribers.com	https://imslp.org/wiki/Special:ReverseLookup/246285	Piano	29-94 (F1-Bb6)	Piano	27-86 (Eb1-D6)																			
debussy_etudes	l136-10_etudes_sonorites	1: 9/8, 15: 3/4, 38: 9/8, 59: 3/4	1: 4, 7: 0, 15: 4, 38: 7, 59: 4	75	75	277.5	75	75	277.5	1555.62	1149	440	0	0	0	1915	1915										2022-02-22		Microsoft Windows			Pour les sonorités opposées			3.6.2	1.2.9	debussy_etudes/MS3	debussy_etudes/MS3/l136-10_etudes_sonorites.mscx	0	25-97 (C#1-C#7)	tunescribers.com	https://imslp.org/wiki/Special:ReverseLookup/246285	Piano	44-97 (G#2-C#7)	Piano	25-82 (C#1-A#5)			Piano	29-87 (F1-D#6)															
debussy_etudes	l136-11_etudes_arpeges	1: 3/4	1: -4, 25: 4, 27: -4, 31: 4, 33: -4, 34: 4, 38: -3, 39: 5, 46: -4	67	67	201.0	67	67	201.0	479.4	1973	1338	0	0	0	1915	1915	Claude Debussy	12 Etudes (Livre II)	11	"Pour les arpèges composés
"	 L.136				Oli 2020	2019-09-30	3.02	Apple Macintosh	http://musescore.com/user/4887176/scores/6368039				"	Debussy, Claude"	3.6.2	1.2.9	debussy_etudes/MS3	debussy_etudes/MS3/l136-11_etudes_arpeges.mscx	0	26-97 (D1-C#7)	https://musescore.com/user/4887176	https://imslp.org/wiki/Special:ReverseLookup/246286	Grand Piano	27-97 (Eb1-C#7)	Grand Piano	26-90 (D1-F#6)						Nr 11, CD 143 ; L.136 ; Nr 11	"12 Etudes (Livre II); A la mémoire de Frédéric Chopin; Pour les arpèges composés
"												
debussy_etudes	l136-12_etudes_accords	1: 3/8, 81: 6/8, 86: 3/8, 87: 6/8, 106: 3/8	1: 0, 81: 6, 95: -3, 96: 6, 106: 0	182	181	308.0	182	181	308.0	1541.5	2865	590	0	0	0	1915	1915										2022-02-14		Microsoft Windows						3.6.2	1.2.9	debussy_etudes/MS3	debussy_etudes/MS3/l136-12_etudes_accords.mscx	0	23-97 (B0-C#7)			Piano	26-97 (D1-C#7)	Piano	23-77 (B0-F5)																			
debussy_images	l087-01_images_lent	1: 3/4, 21: 4/4, 22: 3/4	1: 3, 32: 6	57	57	172.0	57	57	172.0	968.33	1229	354	0	0	0	1894	1894	Claude Debussy	1							Public Domain	2021-02-23		Microsoft Windows	http://musescore.com/user/27291303/scores/6630747		Images oubliées	1	C. Debussy	3.6.2	1.2.9	debussy_images/MS3	debussy_images/MS3/l087-01_images_lent.mscx	0	26-97 (D1-C#7)	https://musescore.com/user/27291303	https://imslp.org/wiki/Special:ReverseLookup/276950	Piano	48-97 (B#2-C#7)	Piano	26-90 (D1-F#6)																			
debussy_images	l087-02_images_souvenir	1: 3/4	1: 4	72	72	216.0	72	72	216.0	1367.0	1659	344	0	0	0	1894	1894	Claude Debussy	Images								2022-02-06		Microsoft Windows			2	"Dans le mouvement d'une ""Sarabande"", c'est-à-dire avec une élégance
grâve et lente, même un peu vieux portrait, souvenir du Louvre, etc."		3.6.2	1.2.9	debussy_images/MS3	debussy_images/MS3/l087-02_images_souvenir.mscx	0	23-88 (B0-E6)	tunescribers.com	https://imslp.org/wiki/Special:ReverseLookup/276950	Piano	49-88 (C#3-E6)	Piano	23-76 (B0-E5)																			
debussy_images	l087-03_images_quelques	1: 4/4, 75: 6/4, 90: 3/4, 91: 6/8	1: -1, 64: 5, 91: 2	186	186	677.0	186	186	677.0	2441.25	2846	1511	0	0	0	1894	1894	Claude Debussy	3								2022-02-06		Microsoft Windows			3			3.6.2	1.2.9	debussy_images/MS3	debussy_images/MS3/l087-03_images_quelques.mscx	0	26-94 (D1-A#6)	tunescribers.com	https://imslp.org/wiki/Special:ReverseLookup/276950	Piano	37-94 (C#2-A#6)	Piano	26-87 (D1-D#6)																			
debussy_images	l110-01_images_reflets	1: 4/8, 11: 3/8, 12: 4/8	1: -5, 49: 0, 57: -3, 66: 3, 70: -5	95	95	189.5	95	95	189.5	863.5	2060	1291	0	0	0	1904	1904	Claude Debussy	Images I Reflets dans l'eau						www.sheetmusiclibrary.website	www.sheetmusiclibrary.website	2021-03-27			http://musescore.com/user/7854941/scores/6800569		Images I (L. 110)	1. Reflets dans l'eau.	Claude Debussy	3.6.2	1.2.9	debussy_images/MS3	debussy_images/MS3/l110-01_images_reflets.mscx	0	24-96 (C1-C7)	https://musescore.com/sheetmusiclibrary		Piano	49-96 (Db3-C7)	Piano	24-93 (C1-A6)								www.sheetmusiclibrary.website											
debussy_images	l110-02_images_hommage	1: 3/2, 11: 4/2, 12: 3/2, 16: 1/2, 17: 3/2, 42: 2/2, 43: 3/2	1: 5, 51: 0, 57: 5	76	76	452.0	76	76	452.0	3091.75	2076	587	0	0	0	1904	1904	Claude Debussy	Hommage à Rameau								2019-09-08	3.02	Apple Macintosh	http://musescore.com/user/4887176/scores/5715607		Hommage à Rameau	Images	Claude Debussy	3.6.2	1.2.9	debussy_images/MS3	debussy_images/MS3/l110-02_images_hommage.mscx	0	24-99 (C1-D#7)	https://musescore.com/user/4887176		Piano	44-99 (G#2-D#7)	Piano	24-93 (C1-A6)																			
debussy_images	l110-03_images_mouvement	1: 2/4	1: 0, 67: 2, 115: 0	177	177	354.0	177	177	354.0	1500.0	3482	2032	0	0	0	1905	1905	Claude Debussy	Mouvement (III)								2019-10-18	3.02	Apple Macintosh	http://musescore.com/user/4887176/scores/5835723		Mouvement (III)	Images	Claude Debussy	3.6.2	1.2.9	debussy_images/MS3	debussy_images/MS3/l110-03_images_mouvement.mscx	0	24-92 (C1-G#6)	https://musescore.com/user/4887176		Piano	52-92 (E3-G#6)	Piano	24-86 (C1-D6)																			
debussy_images	l111-01_images_cloches	1: 4/4, 9: 2/4, 10: 4/4, 11: 2/4, 12: 4/4, 15: 2/4, 17: 4/4, 24: 12/8, 41: 4/4	1: 0, 25: 4, 41: 0	50	49	224.0	50	49	224.0	1100.98	1792	1102	0	0	0	1907	1907										2022-02-07		Microsoft Windows			"<i><font size=""19""/>à Alexandre Charpentier</i>"			3.6.2	1.2.9	debussy_images/MS3	debussy_images/MS3/l111-01_images_cloches.mscx	0	28-94 (E1-Bb6)			Piano	50-94 (D3-Bb6)	Piano	28-91 (E1-G6)			Piano	28-79 (E1-G5)															
debussy_images	l111-02_images_lune	1: 4/4	1: 1	57	57	228.0	57	57	228.0	1362.58	1345	393	0	0	0	1907	1907	Claude Debussy	Et la lune descend sur le temple qui fut (2)	2	Images (Deuxième Série) 					Oli 2020	2020-06-14	3.02	Apple Macintosh	http://musescore.com/user/4887176/scores/6207140		Et la lune descend sur le temple qui fut 	Images (Deuxième Série); 2	Claude Debussy	3.6.2	1.2.9	debussy_images/MS3	debussy_images/MS3/l111-02_images_lune.mscx	0	26-95 (D1-B6)	https://musescore.com/user/4887176		Grand Piano	59-95 (B3-B6)	Grand Piano	47-95 (B2-B6)			Grand Piano	26-81 (D1-A5)															
debussy_images	l111-03_images_poissons	1: 3/4	1: 6, 26: -3, 37: 0, 46: 6, 51: 3, 55: 0, 72: -3, 78: 0, 86: 6	106	97	306.5	106	99	306.5	983.33	3248	1832	0	0	0	1907	1907										2022-02-08		Microsoft Windows			"<i><font size=""14""/>à Ricardo Viñes</i>"			3.6.2	1.2.9	debussy_images/MS3	debussy_images/MS3/l111-03_images_poissons.mscx	0	25-97 (C#1-C#7)	tunescribers.com	https://imslp.org/wiki/Special:ReverseLookup/256280	Piano	61-97 (C#4-C#7)	Piano	25-97 (C#1-C#7)			Piano	25-90 (C#1-F#6)				"<font size=""16""/>Poissons d'or"	"b.91 second ""E"" in the middle staff should poss be Enatural? Not marked in source material, but chromatic passage would suggest it. The E nat is written when the passage repeats a beat later, and again at b.93
"										
debussy_other_piano_pieces	l000_etude	1: 4/4	1: -4, 7: 0, 9: -5, 38: 0, 42: -4, 48: -3, 57: -4, 64: 0, 66: -4	73	71	284.0	73	71	284.0	959.25	2473	1901	0	0	0	1915	1915	Claude Debussy	Etude Retrouve								2021-05-19		Microsoft Windows	http://musescore.com/user/33144689/scores/6884844		Étude Retrouvée		Claude Debussy	3.6.2	1.2.9	debussy_other_piano_pieces/MS3	debussy_other_piano_pieces/MS3/l000_etude.mscx	0	25-96 (Db1-C7)	https://musescore.com/user/33144689		Piano	32-96 (Ab1-C7)	Piano	25-91 (Db1-G6)																			
debussy_other_piano_pieces	l000_soirs	1: 4/4	1: -4	23	23	92.0	23	23	92.0	528.0	462	134	0	0	0	1917	1917	Claude Debussy									2021-07-02		Microsoft Windows	http://musescore.com/user/37796349/scores/6853240		Les soirs illuminés par l'ardeur du charbon 		Claude Debussy	3.6.2	1.2.9	debussy_other_piano_pieces/MS3	debussy_other_piano_pieces/MS3/l000_soirs.mscx	0	32-89 (Ab1-F6)	https://musescore.com/sansenk		Piano	54-89 (Gb3-F6)	Piano	50-77 (D3-F5)			Piano	32-39 (Ab1-Eb2)															
debussy_other_piano_pieces	l009_danse	1: 2/4	1: 2, 45: 5, 61: 2	92	92	184.0	92	92	184.0	586.5	1194	486	0	0	0	1880	1880	Claude Debussy	Danse Bohemian							Public Domain Work 	2021-10-08		Microsoft Windows	http://musescore.com/user/35830795/scores/7275327		Danse Bohémienne		"Claude Debussy
(1880)"	3.6.2	1.2.9	debussy_other_piano_pieces/MS3	debussy_other_piano_pieces/MS3/l009_danse.mscx	0	35-94 (B1-A#6)	https://musescore.com/yazen23434/		Piano	49-94 (C#3-A#6)	Piano	35-71 (B1-B4)																			
debussy_other_piano_pieces	l067_mazurka	1: 3/4	1: 3, 54: 2, 111: 3	138	138	414.0	138	138	414.0	1436.5	1187	645	0	0	0	1890	1890	Claude Debussy	Mazurka								2019-09-03	3.02	Apple Macintosh	http://musescore.com/user/4887176/scores/5699433		Mazurka		Claude Debussy	3.6.2	1.2.9	debussy_other_piano_pieces/MS3	debussy_other_piano_pieces/MS3/l067_mazurka.mscx	0	28-91 (E1-G6)	https://musescore.com/user/4887176		Piano	50-91 (D3-G6)	Piano	28-74 (E1-D5)																			
debussy_other_piano_pieces	l068_reverie	1: 4/4, 75: 3/4, 76: 4/4	1: -1, 59: 4, 69: 0, 76: -1	101	101	403.0	101	101	403.0	1286.0	1253	723	0	0	0	1890	1890	Claude Debussy	Reverie								2016-10-09		Microsoft Windows	http://musescore.com/user/24069/scores/2749626		Rêverie		Claude Debussy	3.6.2	1.2.9	debussy_other_piano_pieces/MS3	debussy_other_piano_pieces/MS3/l068_reverie.mscx	0	26-93 (D1-A6)	https://musescore.com/hmscomp		Piano	53-93 (F3-A6)	Piano	26-79 (D1-G5)																			
debussy_other_piano_pieces	l069_tarentelle	1: 6/8, 325: 3/4, 329: 6/8	1: 4, 96: -3, 112: 4, 179: 1, 271: 4	333	333	999.0	333	333	999.0	3643.5	3997	1675	0	0	0	1890	1890	Claude Debussy								Domaine Public J. Jobert 1923 (J.J. 209)	2022-01-26	3.02	Linux	https://musescore.com/user/56409/scores/263276#comments		"<font face=""Times New Roman""/>Danse"	"<font face=""Times New Roman""/>Tarentelle Styrienne"	"<font face=""Times New Roman""/>Claude Debussy 1890. Edition revue par Maurice Ravel"	3.6.2	1.2.9	debussy_other_piano_pieces/MS3	debussy_other_piano_pieces/MS3/l069_tarentelle.mscx	0	28-95 (E1-B6)	https://musescore.com/user/56409		Piano	51-95 (Eb3-B6)	Piano	28-87 (E1-D#6)																			
debussy_other_piano_pieces	l070_ballade	1: 4/4	1: -1, 63: 4, 86: 0, 88: -1	105	105	420.0	105	105	420.0	2146.08	3070	1617	0	0	0	1890	1890	Claude Debussy	Ballade								2019-10-23	3.02	Microsoft Windows	http://musescore.com/user/3797871/scores/5825949		Ballade		"CRAUDE DEBUSSY

"	3.6.2	1.2.9	debussy_other_piano_pieces/MS3	debussy_other_piano_pieces/MS3/l070_ballade.mscx	0	29-93 (F1-A6)	https://musescore.com/user/3797871		Piano	40-93 (E2-A6)	Piano	29-88 (F1-E6)																			
debussy_other_piano_pieces	l071_valse	1: 3/4	1: -4, 119: -1	151	151	453.0	151	151	453.0	1532.83	1614	828	0	0	0	1890	1890	Claude Debussy	Valse romantique								2019-08-31	3.02	Apple Macintosh	http://musescore.com/user/4887176/scores/5696215		Valse romantique		Claude Debussy	3.6.2	1.2.9	debussy_other_piano_pieces/MS3	debussy_other_piano_pieces/MS3/l071_valse.mscx	0	25-93 (Db1-A6)	https://musescore.com/user/4887176		Piano	50-93 (D3-A6)	Piano	25-88 (Db1-E6)																			
debussy_other_piano_pieces	l082_nocturne	1: 4/4, 32: 7/4, 47: 4/4	1: -5, 28: 3, 32: -1, 55: -5	77	77	355.0	77	77	355.0	1625.42	2156	1046	0	0	0	1892	1892	Claude Debussy	Nocturne 								2018-09-08	3.02	Microsoft Windows	http://musescore.com/user/22164946/scores/6672848		Nocturne 	for Piano	Claude Debussy	3.6.2	1.2.9	debussy_other_piano_pieces/MS3	debussy_other_piano_pieces/MS3/l082_nocturne.mscx	0	24-93 (C1-Bbb6)	https://musescore.com/justisb		Pianinas	45-93 (A2-Bbb6)	Pianinas	24-85 (C1-Db6)																			
debussy_other_piano_pieces	l099_cahier	1: 6/8, 10: 9/8, 11: 6/8, 47: 6/4, 50: 9/4, 51: 6/4	1: -5, 43: 0, 47: -5	55	55	202.0	55	55	202.0	1136.52	1268	452	0	0	0	1903	1903	Claude DEBUSSY.	...D'un Cahier d'Esquisses.								2022-02-04		Microsoft Windows			...D'un Cahier d'Esquisses.		Claude DEBUSSY.	3.6.2	1.2.9	debussy_other_piano_pieces/MS3	debussy_other_piano_pieces/MS3/l099_cahier.mscx	0	25-94 (Db1-Bb6)	tunescribers.com		Piano	48-94 (C3-Bb6)	Piano	44-78 (Ab2-Gb5)			Piano	25-69 (Db1-Bbb4)															
debussy_other_piano_pieces	l105_masques	1: 6/8	1: 0, 96: 7, 122: 0, 148: -6, 216: 0	381	381	1143.0	381	381	1143.0	4680.0	3727	1769	0	0	0	1904	1904	Claude Debussy	Masques							D. & F. 6443	2022-02-03		Microsoft Windows			Masques			3.6.2	1.2.9	debussy_other_piano_pieces/MS3	debussy_other_piano_pieces/MS3/l105_masques.mscx	0	25-91 (Db1-G6)	tunescribers.com	https://imslp.org/wiki/Special:ReverseLookup/102814	Piano	40-91 (E2-G6)	Piano	25-87 (Db1-Eb6)																			
debussy_other_piano_pieces	l106_isle	1: 4/4, 28: 3/8, 64: 4/4, 67: 3/8	1: 3, 115: 0, 160: 3	255	255	458.25	255	255	458.25	1868.88	4847	2954	0	0	0	1904	1904	Claude Debussy									2018-05-22	3.02	Microsoft Windows	http://musescore.com/user/33438643/scores/5835997					3.6.2	1.2.9	debussy_other_piano_pieces/MS3	debussy_other_piano_pieces/MS3/l106_isle.mscx	0	22-95 (Bb0-B6)	https://musescore.com/user/31759		Piano	33-95 (A1-B6)	Piano	22-92 (Bb0-G#6)																			
debussy_other_piano_pieces	l108_morceau	1: 2/4	1: 0, 19: -4	27	27	54.0	27	27	54.0	250.25	487	125	0	0	0	1904	1904	Claude Debussy									2022-02-03		Microsoft Windows			Pièce pour Piano	(Morceau de Concours)		3.6.2	1.2.9	debussy_other_piano_pieces/MS3	debussy_other_piano_pieces/MS3/l108_morceau.mscx	0	30-84 (Gb1-C6)	tunescribers.com	https://imslp.org/wiki/Special:ReverseLookup/4564	Piano	54-84 (Gb3-C6)	Piano	30-68 (Gb1-Ab4)																			
debussy_other_piano_pieces	l114_petit	1: 2/4	1: 0	87	87	174.0	87	87	174.0	426.5	672	384	0	0	0	1909	1909	Claude Debussy	Le petit nègre								2019-10-25	3.02	Microsoft Windows	http://musescore.com/user/19496546/scores/5815359		"The little nigar
<i><font size=""16""/>Le petit nègre</i>"		Claude <b>Debussy</b>	3.6.2	1.2.9	debussy_other_piano_pieces/MS3	debussy_other_piano_pieces/MS3/l114_petit.mscx	0	38-84 (D2-C6)	https://musescore.com/user/19496546		Piano	45-84 (A2-C6)	Piano	38-77 (D2-F5)								1909											
debussy_other_piano_pieces	l115_hommage	1: 3/4, 23: 3/8, 87: 3/4, 89: 3/8, 113: 3/4, 115: 3/8	1: 1	118	118	216.0	118	118	216.0	1104.0	824	370	0	0	0	1909	1909	Claude Debussy	Hommage à Haydn								2021-06-27		Microsoft Windows	http://musescore.com/user/27291303/scores/6845062		Hommage à Haydn		Claude Debussy	3.6.2	1.2.9	debussy_other_piano_pieces/MS3	debussy_other_piano_pieces/MS3/l115_hommage.mscx	0	24-98 (C1-D7)	https://musescore.com/user/27291303		Piano	45-98 (A2-D7)	Piano	24-79 (C1-G5)																			
debussy_other_piano_pieces	l121_plus	1: 3/4	1: -6, 76: 3, 104: -6	148	148	444.0	148	148	444.0	1598.5	1447	688	0	0	0	1910	1910	Claude Debussy	La plus que lente								2019-07-28	3.02	Apple Macintosh	http://musescore.com/user/4887176/scores/5663924		La plus que lente	Valse	Claude Debussy	3.6.2	1.2.9	debussy_other_piano_pieces/MS3	debussy_other_piano_pieces/MS3/l121_plus.mscx	0	27-94 (Eb1-Bb6)	http://musescore.com/user/4887176		Piano	53-94 (F3-Bb6)	Piano	27-84 (Eb1-C6)																			
debussy_other_piano_pieces	l132_berceuse	1: 2/2	1: -6, 38: 0, 49: -6	68	68	272.0	68	68	272.0	1408.5	850	329	0	0	0	1914	1914	Claude Debussy	Claude Debussy Berceuse Héroïque								2020-05-24	3.02	Apple Macintosh	https://musescore.com/user/4887176/scores/6174172		Berceuse Héroïque	"pour rendre hommage à S.M. le Roi ALBERT 1er de Belgique
et à ses Soldats
"	"Claude Debussy
1914
"	3.6.2	1.2.9	debussy_other_piano_pieces/MS3	debussy_other_piano_pieces/MS3/l132_berceuse.mscx	0	26-84 (D1-C6)	https://musescore.com/user/4887176		Grand Piano	46-82 (Bb2-Bb5)	Grand Piano	38-84 (D2-C6)			Grand Piano	26-68 (D1-Ab4)															
debussy_other_piano_pieces	l133_page	1: 3/4	1: -1	38	38	114.0	38	38	114.0	361.0	289	167	0	0	0	1915	1915	Claude Debussy	Page d'album					(1862-1918)			2021-07-07		Microsoft Windows	http://musescore.com/user/39300366/scores/6864283		Page d'album	"<font size=""10""/>Albumleaf
<font size=""12""/>
<font size=""10""/>Pièce pour l'oeuvre du ""Vêtement du blessé""<font size=""16""/> "	Claude Debussy	3.6.2	1.2.9	debussy_other_piano_pieces/MS3	debussy_other_piano_pieces/MS3/l133_page.mscx	0	29-89 (F1-F6)	https://musescore.com/user/39300366		Piano	53-89 (F3-F6)	Piano	29-77 (F1-F5)								(1862-1918)											
debussy_other_piano_pieces	l138_elegie	1: 4/4, 11: 3/4, 12: 4/4	1: -1	21	21	83.0	21	21	83.0	321.0	280	166	0	0	0	1915	1915	Claude Debussy	Elégie								2020-05-26	3.02	Apple Macintosh	http://musescore.com/user/4887176/scores/6173997		Elégie		Claude Debussy	3.6.2	1.2.9	debussy_other_piano_pieces/MS3	debussy_other_piano_pieces/MS3/l138_elegie.mscx	0	33-74 (A1-D5)	https://musescore.com/user/4887176		Grand Piano	50-74 (D3-D5)	Grand Piano	33-60 (A1-C4)																			
debussy_pour_le_piano	l095-01_pour_prelude	1: 3/4	1: 0	163	163	536.12	163	163	536.12	1882.87	3349	1965	0	0	0	1901	1901	Claude Debussy									2017-07-07	3.02	Microsoft Windows	https://musescore.com/user/2410551/scores/5066906		Suite: Pour le piano	I. Prélude		3.6.2	1.2.9	debussy_pour_le_piano/MS3	debussy_pour_le_piano/MS3/l095-01_pour_prelude.mscx	0	21-92 (A0-Ab6)	https://musescore.com/user/2410551		Piano	38-92 (D2-Ab6)	Piano	21-86 (A0-D6)																			
debussy_pour_le_piano	l095-02_pour_sarabande	1: 3/4	1: 4	72	72	216.0	72	72	216.0	1338.33	1682	401	0	0	0	1894	1894	Claude Debussy	Sarabande								2018-02-01	3.02	Microsoft Windows	https://musescore.com/user/3797871/scores/5451653		Sarabande		C.Debussy	3.6.2	1.2.9	debussy_pour_le_piano/MS3	debussy_pour_le_piano/MS3/l095-02_pour_sarabande.mscx	0	25-88 (C#1-E6)	https://musescore.com/user/3797871		Piano	44-88 (G#2-E6)	Piano	25-83 (C#1-B5)																			
debussy_pour_le_piano	l095-03_pour_toccata	1: 2/4	1: 4, 78: 0, 198: 7, 206: 4, 228: 7	266	266	532.0	266	266	532.0	1650.75	3563	2118	0	0	0	1901	1901	Claude Debussy	Pour le piano							PD	2021-06-24		Microsoft Windows	http://musescore.com/user/34296022/scores/6843948		Pour le piano	III. Toccata; L. 95	Claude Debussy	3.6.2	1.2.9	debussy_pour_le_piano/MS3	debussy_pour_le_piano/MS3/l095-03_pour_toccata.mscx	0	25-93 (C#1-A6)	https://musescore.com/mil_not_sniw		Piano	40-93 (E2-A6)	Piano	25-84 (C#1-C6)																			
debussy_preludes	l117-01_preludes_danseuses	1: 3/4	1: -2	31	31	97.0	31	31	97.0	756.0	822	171	0	0	0	1909	1909										2022-03-10	3.02	Microsoft Windows	https://musescore.com/nicolas/scores/101607		"<font face=""Times New Roman""/>Préludes - Book I - I"	"<font face=""Times New Roman""/>Danseuses de Delphes"	"<font face=""Times New Roman""/>Claude Debussy"	3.6.2	1.2.9	debussy_preludes/MS3	debussy_preludes/MS3/l117-01_preludes_danseuses.mscx	0	22-96 (Bb0-C7)	https://musescore.com/nicolas	https://imslp.org/wiki/Special:ReverseLookup/521885	Piano	50-96 (D3-C7)	Piano	22-76 (Bb0-E5)										layout completely screwed unless viewed on musescore.com									
debussy_preludes	l117-02_preludes_voiles	1: 2/4	1: 0, 42: -5, 48: 0	64	64	128.0	64	64	128.0	471.75	965	514	0	0	0	1909	1909	Claude Debussy									2021-10-20		Apple Macintosh	http://musescore.com/user/18230801/scores/7074797		_II. 		Claude Debussy	3.6.2	1.2.9	debussy_preludes/MS3	debussy_preludes/MS3/l117-02_preludes_voiles.mscx	0	34-98 (Bb1-D7)	https://musescore.com/user/18230801		Piano	48-98 (C3-D7)	Piano	34-86 (Bb1-D6)																			
debussy_preludes	l117-03_preludes_vent	1: 4/4	1: -6, 21: 0, 28: -6, 33: 0, 44: -6	59	59	236.0	59	59	236.0	764.0	1678	1229	0	0	0	1909	1909	Claude Debussy	Le Vent dans la plaine								2020-05-24	3.02	Apple Macintosh	http://musescore.com/user/6053266/scores/6170327		Le Vent dans la plaine	from Preludes, Bk 1, No.3 	"Claude Debussy
(1862-1918)
"	3.6.2	1.2.9	debussy_preludes/MS3	debussy_preludes/MS3/l117-03_preludes_vent.mscx	0	27-95 (Eb1-B6)	https://musescore.com/derek_john_benton		Grand Piano	34-95 (Bb1-B6)	Grand Piano	27-76 (Eb1-E5)																			
debussy_preludes	l117-04_preludes_sons	1: 5/4, 3: 3/4, 24: 5/4, 29: 3/4, 30: 5/4, 31: 3/4, 44: 5/4, 46: 3/4, 49: 5/4, 50: 3/4	1: 3, 27: -4, 37: 3	53	53	181.5	53	53	181.5	935.33	1149	368	0	0	0	1910	1910	Claude Debussy									2022-01-26	3.02	Linux	https://musescore.com/nicolas/scores/86980		"<font face=""Times New Roman""/>Préludes - Book I - IV"	"<font face=""Times New Roman""/>Les sons et les parfums tournent dans l'air du soir"	"<font face=""Times New Roman""/>Claude Debussy"	3.6.2	1.2.9	debussy_preludes/MS3	debussy_preludes/MS3/l117-04_preludes_sons.mscx	0	21-99 (A0-D#7)	https://musescore.com/nicolas		Part_1	32-99 (Ab1-D#7)	Part_1	21-75 (A0-D#5)																			
debussy_preludes	l117-05_preludes_collines	1: 12/16, 2: 2/4, 3: 12/16, 4: 2/4, 5: 12/16, 7: 2/4, 10: 12/16, 17: 6/16, 18: 12/16, 39: 2/4, 49: 6/8, 66: 12/16, 70: 6/16, 71: 12/16, 81: 2/4	1: 5	96	96	256.0	96	96	256.0	990.85	1660	907	0	0	0	1909	1909	Claude Debussy	Les collines d'Anacapri								2020-03-14	3.02	Apple Macintosh	http://musescore.com/user/23335511/scores/6078729		Les collines d'Anacapri	Préludes, Livre 1	Claude Debussy	3.6.2	1.2.9	debussy_preludes/MS3	debussy_preludes/MS3/l117-05_preludes_collines.mscx	0	28-95 (E1-B6)	https://musescore.com/user/23335511		Piano	49-95 (C#3-B6)	Piano	28-85 (E1-C#6)																			
debussy_preludes	l117-06_preludes_pas	1: 4/4, 13: 2/4, 14: 4/4	1: -1	36	36	142.0	36	36	142.0	535.17	391	221	0	0	0	1909	1909	Claude Debussy									2022-01-26		Linux	https://musescore.com/nicolas/scores/86941		"<font size=""24""/>Préludes - Book I - VI"	"<font size=""14""/>... Des pas sur la neige"	"<font size=""12""/>Claude Debussy"	3.6.2	1.2.9	debussy_preludes/MS3	debussy_preludes/MS3/l117-06_preludes_pas.mscx	0	26-89 (D1-F6)	https://musescore.com/nicolas		Piano	52-89 (E3-F6)	Piano	26-80 (D1-Ab5)	mxl																		
debussy_preludes	l117-07_preludes_ce	1: 4/4, 38: 3/4, 48: 4/4, 75: 3/4, 76: 4/4	1: 3, 26: 0, 38: 3	77	70	272.0	77	70	272.0	1226.54	2285	1380	0	0	0	1909	1910	Claude Debussy									2021-08-28		Microsoft Windows	http://musescore.com/user/36526887/scores/7013623					3.6.2	1.2.9	debussy_preludes/MS3	debussy_preludes/MS3/l117-07_preludes_ce.mscx	0	23-99 (B0-D#7)	https://musescore.com/user/36526887		Piano	36-99 (C2-D#7)	Piano	23-92 (B0-G#6)						"<i><font size=""25""/>VII.</i>"													
debussy_preludes	l117-08_preludes_fille	1: 3/4	1: -6	39	39	117.0	39	39	117.0	657.25	591	242	0	0	0	1910	1910	Claude Debussy									2019-02-16	3.02	Microsoft Windows	https://musescore.com/r_d/scores/5449385		(...The girl with the flaxen hair); (...La fille aux cheveux de lin)		CLAUDE DEBUSSY	3.6.2	1.2.9	debussy_preludes/MS3	debussy_preludes/MS3/l117-08_preludes_fille.mscx	0	30-90 (Gb1-Gb6)	https://musescore.com/r_d		Piano	51-90 (Eb3-Gb6)	Piano	30-73 (Gb1-Db5)																			
debussy_preludes	l117-09_preludes_serenade	1: 3/8, 80: 2/4, 85: 3/8, 87: 2/4, 90: 3/8	1: -5, 46: 0, 50: -5, 80: 2, 85: -5, 87: 2, 90: -5	137	137	209.5	137	137	209.5	451.75	1309	750	0	0	0	1909	1910	Claude Debussy	La Serenade Interrompue								2020-04-12	3.02	Apple Macintosh	http://musescore.com/user/23335511/scores/6084245		La Sérénade Interrompue	Préludes, Livre 1	Claude Debussy	3.6.2	1.2.9	debussy_preludes/MS3	debussy_preludes/MS3/l117-09_preludes_serenade.mscx	0	34-84 (Bb1-C6)	https://musescore.com/user/23335511		Piano	37-84 (Db2-C6)	Piano	34-67 (Bb1-G4)																			
debussy_preludes	l117-10_preludes_cathedrale	1: 3/2	1: 0, 47: 4	89	89	534.0	89	89	534.0	3835.25	1707	511	0	0	0	1909	1910	Claude Debussy	La Cathédrale engloutie								2021-10-15		Linux	http://musescore.com/user/38837413/scores/7079966		La Cathédrale engloutie		Claude Debussy	3.6.2	1.2.9	debussy_preludes/MS3	debussy_preludes/MS3/l117-10_preludes_cathedrale.mscx	0	23-95 (B0-B6)	http://musescore.com/user/38837413		Piano	36-95 (C2-B6)	Piano	23-76 (B0-E5)																			
debussy_preludes	l117-11_preludes_danse	1: 2/4, 32: 3/4, 38: 2/4, 40: 3/4, 41: 2/4	1: -3, 53: 0, 63: -3, 77: 0, 87: -3	96	96	199.0	96	96	199.0	677.83	1489	884	0	0	0	1910	1910										2022-02-12		Microsoft Windows			(...La danse de Puck)			3.6.2	1.2.9	debussy_preludes/MS3	debussy_preludes/MS3/l117-11_preludes_danse.mscx	0	27-91 (Eb1-G6)	tunescribers.com	https://imslp.org/wiki/Special:ReverseLookup/246412	Piano	52-91 (E3-G6)	Piano	27-87 (Eb1-Eb6)			Piano	27-27 (Eb1-Eb1)															
debussy_preludes	l117-12_preludes_minstrels	1: 2/4	1: 1	89	89	178.0	89	89	178.0	590.0	1197	508	0	0	0	1910	1910	Claude Debussy	Prelude								2020-04-23	3.02	Microsoft Windows	http://musescore.com/user/6053266/scores/6106422		Prélude	Book 1, No. 12. 'Minstrels'	"Claude Debussy
(1862-1918)
"	3.6.2	1.2.9	debussy_preludes/MS3	debussy_preludes/MS3/l117-12_preludes_minstrels.mscx	0	24-86 (C1-D6)	https://musescore.com/derek_john_benton		Grand Piano	35-86 (B1-D6)	Grand Piano	24-68 (C1-Ab4)																			
debussy_preludes	l123-01_preludes_brouillards	1: 4/8, 3: 3/8, 4: 3/4, 5: 4/8, 24: 3/4, 25: 4/8, 26: 3/8, 27: 4/8	1: 0	52	52	105.0	52	52	105.0	436.36	1309	818	0	0	0	1910	1912	Claude Debussy	Brouillards								2020-06-09	3.02	Apple Macintosh	http://musescore.com/user/6053266/scores/6197179		Brouillards	"(Fog)

No 1 from Préludes Book 2
"	"Claude Debussy
(1862-1918)
"	3.6.2	1.2.9	debussy_preludes/MS3	debussy_preludes/MS3/l123-01_preludes_brouillards.mscx	0	36-94 (C2-A#6)	https://musescore.com/derek_john_benton	https://imslp.org/wiki/Special:ReverseLookup/521885	Grand Piano	43-93 (G2-A6)	Grand Piano	36-94 (C2-A#6)			Grand Piano	36-74 (C2-D5)															
debussy_preludes	l123-02_preludes_feuilles	1: 3/4, 5: 2/4, 6: 3/4, 12: 2/4, 15: 3/4, 18: 2/4, 41: 3/4, 45: 2/4, 47: 3/4	1: 4	52	52	127.0	52	52	127.0	810.5	686	225	0	0	0	1910	1912	Claude Debussy	Feuilles mortes								2020-06-08	3.02	Apple Macintosh	http://musescore.com/user/6053266/scores/6195188		Feuilles mortes	"(Dead Leaves)

No 2 from Préludes Book 2
"	"Claude Debussy
(1862-1918)
"	3.6.2	1.2.9	debussy_preludes/MS3	debussy_preludes/MS3/l123-02_preludes_feuilles.mscx	0	25-97 (C#1-C#7)	https://musescore.com/derek_john_benton	https://imslp.org/wiki/Special:ReverseLookup/510	Grand Piano	45-97 (A2-C#7)	Grand Piano	33-81 (A1-A5)			Grand Piano	25-64 (C#1-E4)															
debussy_preludes	l123-03_preludes_puerta	1: 2/4	1: -5	90	90	180.0	90	90	180.0	822.52	1006	519	0	0	0	1910	1912	Claude Debussy	La puerta del vino								2020-06-05	3.02	Apple Macintosh	http://musescore.com/user/6053266/scores/6194473		La puerta del vino	"(The Gate of Wine)

No 3 from Préludes Book 2
"	"Claude Debussy
(1862-1918)
"	3.6.2	1.2.9	debussy_preludes/MS3	debussy_preludes/MS3/l123-03_preludes_puerta.mscx	0	25-87 (Db1-Eb6)	https://musescore.com/derek_john_benton	https://imslp.org/wiki/Special:ReverseLookup/510	Grand Piano	34-87 (Bb1-Eb6)	Grand Piano	34-81 (Bb1-A5)			Grand Piano	25-46 (Db1-Bb2)															
debussy_preludes	l123-04_preludes_fees	1: 3/8	1: -5, 32: 4, 42: -5, 73: 0, 101: -5	127	127	190.75	127	127	190.75	840.3	1465	947	0	0	0	1910	1912	Claude Debussy	"""Les fees sont d'exquises danseuses"""								2020-06-04	3.02	Apple Macintosh	http://musescore.com/user/6053266/scores/6189705		"""Les fées sont d'exquises danseuses"""	"(The Fairies are Exquisite Dancers)

No 4 from Preludes Book 2 
"	"Claude Debussy
(1862-1918)
"	3.6.2	1.2.9	debussy_preludes/MS3	debussy_preludes/MS3/l123-04_preludes_fees.mscx	0	31-92 (G1-G#6)	https://musescore.com/derek_john_benton	https://imslp.org/wiki/Special:ReverseLookup/510	Grand Piano	46-92 (Bb2-G#6)	Grand Piano	39-87 (Eb2-Eb6)			Grand Piano	31-75 (G1-Eb5)															
debussy_preludes	l123-05_preludes_bruyeres	1: 3/4, 16: 5/4, 17: 3/4	1: -4, 23: -2, 38: -4	51	51	155.0	51	51	155.0	806.75	785	462	0	0	0	1910	1912	Claude Debussy	Bruyeres								2020-06-03	3.02	Apple Macintosh	http://musescore.com/user/6053266/scores/6187793		Bruyères	"(Heather)

No 5 from Préludes Book 2
"	"Claude Debussy
(1862-1918)
"	3.6.2	1.2.9	debussy_preludes/MS3	debussy_preludes/MS3/l123-05_preludes_bruyeres.mscx	0	25-93 (Db1-A6)	https://musescore.com/derek_john_benton	https://imslp.org/wiki/Special:ReverseLookup/510	Grand Piano	53-93 (F3-A6)	Grand Piano	39-75 (Eb2-Eb5)			Grand Piano	25-61 (Db1-Db4)															
debussy_preludes	l123-06_preludes_general	1: 2/4	1: -1, 47: -5, 71: -1	110	109	218.5	110	109	218.5	715.12	1028	520	0	0	0	1910	1912	Claude Debussy	"""General Lavine"" - excentric"								2020-06-03	3.02	Apple Macintosh	http://musescore.com/user/6053266/scores/6186267		"""General Lavine"" - excentric"	"(General Lavine - Eccentric)

No 6 from Préludes Book 2
"	"Claude Debussy
(1862-1918)
"	3.6.2	1.2.9	debussy_preludes/MS3	debussy_preludes/MS3/l123-06_preludes_general.mscx	0	26-89 (D1-F6)	https://musescore.com/derek_john_benton	https://imslp.org/wiki/Special:ReverseLookup/510	Grand Piano	48-89 (C3-F6)	Grand Piano	36-80 (C2-Ab5)			Grand Piano	26-65 (D1-F4)															
debussy_preludes	l123-07_preludes_terrasse	1: 6/8, 9: 3/8, 10: 6/8, 15: 3/8, 16: 6/8, 20: 9/8, 21: 6/8	1: 6, 9: -2, 13: 6, 25: -3, 28: 0, 32: 6	45	45	134.0	45	45	134.0	863.32	1450	423	0	0	0	1910	1912	Claude Debussy	La terrasse des audiences du clair de lune								2020-06-02	3.02	Apple Macintosh	http://musescore.com/user/6053266/scores/6184900		La terrasse des audiences du clair de lune	"(The Terrace for Moonlight Audiences)

No 7 from Préludes Book 2
"	"Claude Debussy
(1862-1918)
"	3.6.2	1.2.9	debussy_preludes/MS3	debussy_preludes/MS3/l123-07_preludes_terrasse.mscx	0	22-93 (Bb0-A6)	https://musescore.com/derek_john_benton	https://imslp.org/wiki/Special:ReverseLookup/510	Grand Piano	53-93 (F3-A6)	Grand Piano	38-83 (D2-B5)			Grand Piano	22-91 (Bb0-G6)															
debussy_preludes	l123-08_preludes_ondine	1: 6/8, 2: 9/8, 3: 6/8, 47: 9/8, 48: 6/8	1: 2, 32: -3, 44: 5, 54: 2	74	74	225.0	74	74	225.0	786.57	1731	1012	0	0	0	1910	1912	Claude Debussy	Ondine								2020-06-01	3.02	Apple Macintosh	http://musescore.com/user/6053266/scores/6184120		Ondine	"(Undine)

No 8 from Préludes Book 2
"	"Claude Debussy
(1862-1918)
"	3.6.2	1.2.9	debussy_preludes/MS3	debussy_preludes/MS3/l123-08_preludes_ondine.mscx	0	26-95 (D1-Cb7)	https://musescore.com/derek_john_benton	https://imslp.org/wiki/Special:ReverseLookup/510	Grand Piano	49-95 (Db3-Cb7)	Grand Piano	39-93 (Eb2-A6)			Grand Piano	26-73 (D1-Db5)															
debussy_preludes	l123-09_preludes_hommage	1: 3/4	1: -1	54	54	162.0	54	54	162.0	693.12	912	458	0	0	0	1910	1912	Claude Debussy	Hommage a S. Pickwick Esq. P. P. M. P. C.								2020-06-01	3.02	Apple Macintosh	http://musescore.com/user/6053266/scores/6182418		Hommage à S. Pickwick Esq. P. P. M. P. C.	"(Homage to S. Pickwick, Esq. P. P. M. P. C.)

No 9 from Préludes Book 2
"	"Claude Debussy
(1862-1918)
"	3.6.2	1.2.9	debussy_preludes/MS3	debussy_preludes/MS3/l123-09_preludes_hommage.mscx	0	28-90 (E1-F#6)	https://musescore.com/derek_john_benton	https://imslp.org/wiki/Special:ReverseLookup/510	Grand Piano	50-90 (D3-F#6)	Grand Piano	47-83 (B2-B5)			Grand Piano	28-65 (E1-F4)															
debussy_preludes	l123-10_preludes_canope	1: 4/4	1: -1	33	33	132.0	33	33	132.0	673.5	473	181	0	0	0	1910	1912	Claude Debussy	Canope								2020-05-26	3.02	Apple Macintosh	http://musescore.com/user/6053266/scores/6173695		Canope	"(Canopic Urn)

No 10 from Préludes Book 2
"	"Claude Debussy
(1862-1918)
"	3.6.2	1.2.9	debussy_preludes/MS3	debussy_preludes/MS3/l123-10_preludes_canope.mscx	0	31-96 (G1-C7)	https://musescore.com/derek_john_benton	https://imslp.org/wiki/Special:ReverseLookup/510	Grand Piano	56-96 (Ab3-C7)	Grand Piano	38-87 (D2-Eb6)			Grand Piano	31-68 (G1-Ab4)															
debussy_preludes	l123-11_preludes_tierces	1: 2/4	1: 0, 81: 4, 91: 0, 108: -3, 125: 0	165	165	330.0	165	165	330.0	678.5	2152	1066	0	0	0	1910	1912	Claude Debussy	Les tierces alternees								2020-05-30	3.02	Apple Macintosh	http://musescore.com/user/6053266/scores/6181118		Les tierces alternées	"(Alternating Thirds)

No 11 from Préludes Book 2
"	"Claude Debussy
(1862-1918)
"	3.6.2	1.2.9	debussy_preludes/MS3	debussy_preludes/MS3/l123-11_preludes_tierces.mscx	0	32-91 (Ab1-G6)	https://musescore.com/derek_john_benton	https://imslp.org/wiki/Special:ReverseLookup/510	Grand Piano	53-84 (F3-C6)	Grand Piano	32-91 (Ab1-G6)			Grand Piano	34-52 (Bb1-E3)															
debussy_preludes	l123-12_preludes_feux	1: 4/8, 30: 2/8, 31: 4/8, 32: 3/8, 33: 4/8, 38: 6/8, 39: 4/8, 44: 2/8, 45: 4/8, 68: 4/4, 69: 5/4, 70: 4/8, 87: 6/8, 89: 4/8	1: -1, 41: -5, 47: 0, 57: 3, 61: 0, 65: 6, 68: 0, 70: 6, 73: 0, 81: -1, 89: 0	100	100	206.25	100	100	206.25	515.73	2953	2122	0	0	0	1910	1912	Claude Debussy	Feux d'artifice								2020-05-28	3.02	Apple Macintosh	http://musescore.com/user/6053266/scores/6177740		Feux d'artifice	"(Fireworks)

No 12 from Préludes Book 2
"	"Claude Debussy
(1862-1918)
"	3.6.2	1.2.9	debussy_preludes/MS3	debussy_preludes/MS3/l123-12_preludes_feux.mscx	0	25-96 (Db1-C7)	https://musescore.com/derek_john_benton	https://imslp.org/wiki/Special:ReverseLookup/510	Grand Piano	34-96 (Bb1-C7)	Grand Piano	25-93 (Db1-A6)			Grand Piano	27-71 (Eb1-B4)															
debussy_suite_bergamasque	l075-01_suite_prelude	1: 4/4	1: -1	89	89	356.0	89	89	356.0	1533.67	1721	870	0	0	274	1890	1905	Claude Debussy	Suite Bergamasque	1	Prelude	L.75					2015-05-19	3.02	Microsoft Windows	http://musescore.com/score/890041		Suite Bergamasque	1. Prelude	Claude Debussy	3.6.2	1.1.1	debussy_suite_bergamasque/MS3	debussy_suite_bergamasque/MS3/l075-01_suite_prelude.mscx	0	24-94 (C1-Bb6)			Piano	48-94 (C3-Bb6)	Piano	24-90 (C1-F#6)							<b>Prélude</b>				F	2.3.0	Adrian Nagel (2.1.1), Amelia Brey (2.3.0)	AB, AN	Oxford Music Online	https://imslp.org/wiki/Suite_bergamasque_(Debussy%2C_Claude)	https://viaf.org/viaf/177398380	https://musicbrainz.org/work/fe4cfa64-156a-3d74-bf2e-7c12f01908bb	https://www.wikidata.org/wiki/Q29117932
debussy_suite_bergamasque	l075-02_suite_menuet	1: 3/4	1: 0, 73: -3, 80: 3, 97: 0	104	104	312.0	104	104	312.0	1266.0	2332	1073	0	0	305	1890	1905	Claude Debussy	Suite Bergamasque	2	Menuet	L.75					2015-05-19	3.02	Microsoft Windows	http://musescore.com/score/890041		Suite Bergamasque	2. Menuet	Claude Debussy	3.6.2	1.1.1	debussy_suite_bergamasque/MS3	debussy_suite_bergamasque/MS3/l075-02_suite_menuet.mscx	0	27-93 (Eb1-A6)			Piano	50-93 (D3-A6)	Piano	27-77 (Eb1-F5)							; <b>Menuet</b>				a	2.3.0	Adrian Nagel (2.1.1), Amelia Brey (2.3.0)	AB, AN	Oxford Music Online	https://imslp.org/wiki/Suite_bergamasque_(Debussy%2C_Claude)	https://viaf.org/viaf/177398380	https://musicbrainz.org/work/82ea1cd4-1692-3b55-99a8-9b387cfa2ba3	https://www.wikidata.org/wiki/Q29117940
debussy_suite_bergamasque	l075-03_suite_clair	1: 9/8	1: -5, 37: 4, 43: -5	72	72	324.0	72	72	324.0	1464.0	1559	773	0	0	150	1890	1905	Claude Debussy	Suite Bergamasque	3	Clair de Lune	L.75					2015-05-19	3.02	Microsoft Windows	http://musescore.com/score/890041		Suite Bergamasque	3. Clair de Lune	Claude Debussy	3.6.2	1.1.1	debussy_suite_bergamasque/MS3	debussy_suite_bergamasque/MS3/l075-03_suite_clair.mscx	0	27-97 (Eb1-C#7)			Piano	54-97 (Gb3-C#7)	Piano	27-97 (Eb1-C#7)							<b>Clair de lune</b>				Db	2.3.0	Adrian Nagel (2.1.1), Amelia Brey (2.3.0)	AB, AN	Oxford Music Online	https://imslp.org/wiki/Suite_bergamasque_(Debussy%2C_Claude)	https://viaf.org/viaf/177398380	https://musicbrainz.org/work/8d331505-4d88-39ae-81c7-bec5da77af96	https://www.wikidata.org/wiki/Q29117946
debussy_suite_bergamasque	l075-04_suite_passepied	1: 4/4	1: 3, 76: -4, 88: 3	156	156	624.0	156	156	624.0	1825.33	2160	1285	0	0	284	1890	1905	Claude Debussy	Suite Bergamasque	4	Passepied	L.75					2015-05-19	3.02	Microsoft Windows	http://musescore.com/score/890041		Suite Bergamasque	4. Passepied	Claude Debussy	3.6.2	1.1.1	debussy_suite_bergamasque/MS3	debussy_suite_bergamasque/MS3/l075-04_suite_passepied.mscx	0	30-97 (F#1-C#7)			Piano	50-97 (D3-C#7)	Piano	30-76 (F#1-E5)							<b>Passepied</b>				f#	2.3.0	Adrian Nagel (2.1.1), Amelia Brey (2.3.0)	AB, AN	Oxford Music Online	https://imslp.org/wiki/Suite_bergamasque_(Debussy%2C_Claude)	https://viaf.org/viaf/177398380	https://musicbrainz.org/work/59cce5c6-5483-32c4-8823-5841ae4e8a69	https://www.wikidata.org/wiki/Q29117951
